id,word,pos,meaning,example
59,ám,d,"món ăn nấu nguyên cả con cá hoặc khúc cá to đã được rán vàng với gạo, nhiều nước và các thứ rau thơm",#nấu món ám #cháo ám
325,ba chỉ,d,"phần thịt lợn ở vùng bụng, có ba thớ nạc xen với mỡ",#thịt ba chỉ #mua miếng ba chỉ
341,ba rọi,d,ba chỉ,#thịt ba rọi
347,ba xị đế,d,rượu trắng,"#""(...) tôi đang còn đói, món gì mà chẳng ngon, có dè đâu lại được cái món ngon tuyệt vời này với rượu đế."" (Nguyễn Quang Sáng; 10)"
376,bả,d,thức ăn có thuốc độc dùng làm mồi để lừa giết thú vật nhỏ,"#bả chuột #""(...) hắn chuyên đi thả mồi trộn bằng (...) nhân ngôn, thính và thịt để đánh bả chó."" (Nguyễn Đình Lạp; 2)"
427,bạc nhạc,d,"thịt chỉ có màng dai không có nạc [thường là thịt bò, thịt trâu]","#miếng bạc nhạc #""Tay ai cũng xách các thức ăn. Người này một xâu cá mè. Người kia một dây những miếng thịt trâu bạc nhạc (...)"" (Tô Hoài; 34)"
435,bách hoá,d,"[buôn bán] các mặt hàng tiêu dùng, chủ yếu là đồ may mặc và đồ dùng thường ngày [nói tổng quát]",#cửa hàng bách hoá #bán bách hoá
716,bạng nhạng,d,bạc nhạc,#miếng thịt bạng nhạng
722,bánh,d,"món ăn chín có hình khối nhất định, chế biến bằng bột hoặc gạo, thường có thêm chất ngọt, mặn, béo",#nhân bánh #xay bột làm bánh
723,bánh,d,từ dùng để chỉ từng đơn vị có hình khối bề ngoài giống như chiếc bánh,#bánh xà phòng #bánh pháo #thuốc lào đóng thành bánh
725,bánh bàng,d,"bánh nhỏ hình quả bàng, làm bằng bột mì, đường và trứng, nướng chín trong lò",
726,bánh bao,d,"bánh làm bằng bột mì ủ men, hấp chín, có nhân mặn hoặc ngọt",#bánh bao chay (không có nhân)
727,bánh bèo,d,"bánh làm bằng bột gạo tẻ xay ướt, đổ vào bát hoặc vào khuôn rồi hấp chín, trên rắc hành mỡ, ruốc tôm, hình giống cánh bèo",
728,bánh bò,d,"bánh làm bằng bột gạo tẻ ủ với đường và men, khi hấp chín thì nở to, mềm và xốp",
729,bánh bỏng,d,"bánh làm bằng gạo nếp rang thành bỏng, trộn với mật thành từng nắm",
730,bánh canh,d,"thức ăn làm bằng bột nhào kĩ rồi cắt thành sợi, nấu với tôm, cua, thịt",
731,bánh cáy,d,"bánh làm bằng bột gạo nếp rang, trộn với vừng, lạc, gừng, dừa, gấc, mỡ lợn, mạch nha và hương liệu, được đóng thành bánh và có màu giống màu trứng con cáy, ăn có vị ngọt, bùi, cay [một đặc sản của tỉnh Thái Bình]",
732,bánh cắt,d,"bánh ngọt, nhân hoặc kem kẹp giữa hai lớp bột, nướng chín từng mảng trong lò và cắt thành miếng",
733,bánh chả,d,"bánh làm bằng bột mì trộn với đường và thịt băm nhỏ, nướng chín trong lò",
734,bánh chay,d,"bánh hình tròn, dẹt, làm bằng bột nếp, nhân đậu xanh, luộc chín rồi thả vào nước đường sánh, làm phổ biến vào dịp Tết Hàn Thực [mồng 3 tháng 3 âm lịch]",
736,bánh chưng,d,"bánh làm bằng gạo nếp, có nhân đậu xanh và thịt, thường gói bằng lá dong và có hình vuông, luộc kĩ, làm phổ biến vào dịp Tết Nguyên Đán","#""Thiên hạ ngày tết gói bánh chưng vuông, bánh chưng làng tôi lại tròn và dài như cây cột."" (Đỗ Chu; 3)"
737,bánh cốm,d,"bánh làm bằng cốm dẻo ngào với nước đường, có nhân đậu xanh và cùi dừa, thường gói bằng lá chuối tươi thành hình vuông",
738,bánh cuốn,d,"bánh làm bằng bột gạo tẻ xay ướt, tráng mỏng, hấp chín rồi cuộn lại, thường có nhân tôm hoặc hành mỡ",
739,bánh dẻo,d,"bánh ngọt và dẻo, làm bằng bột gạo nếp rang trộn với nước đường, thường có nhân mứt, mỡ, làm phổ biến vào dịp Tết Trung Thu",
740,bánh đa,d,"bánh thường làm bằng bột gạo tẻ hay sắn, khoai, v.v. xay ướt, tráng thành tấm mỏng hình tròn, thường có rắc vừng rồi phơi khô, khi ăn thì nướng lên","#""Gái sao chồng đánh chẳng chừa, Đi chợ vẫn giữ cũi dừa, bánh đa."" (Cdao)"
741,bánh đa,d,"thức ăn làm bằng bột gạo tráng mỏng, cắt thành sợi",#canh bánh đa cua
742,bánh đa nem,d,"bánh đa dùng để gói nem hay cuốn gỏi ăn sống, hình tròn hoặc vuông, để thành xấp, làm bằng bột gạo tráng mỏng",
745,bánh đậu xanh,d,"bánh làm bằng bột đậu xanh rang thơm trộn với đường, nén vào khuôn nhỏ",
746,bánh đúc,d,"bánh nấu bằng bột gạo tẻ hoặc bột ngô quấy với nước vôi trong và hàn the, khi chín đổ ra cho đông thành tảng",#quấy bánh đúc #má bánh đúc (má tròn đầy phinh phính)
747,bánh ếch,d,bánh ít,"#""Muốn ăn bánh ếch lá gai, Lấy chồng Bình Định sợ dài đường đi."" (Cdao)"
748,bánh gai,d,"bánh làm bằng bột gạo nếp và lá gai luộc chín, giã nhuyễn, trộn với mật, có nhân đậu xanh và cùi dừa, gói bằng lá chuối khô, hấp chín",
749,bánh giầy,d,"bánh làm bằng xôi giã thật mịn, nặn thành hình tròn, dẹt, không có nhân hoặc có nhân đậu xanh",
750,bánh gio,d,bánh tro,
751,bánh giò,d,"bánh làm bằng bột gạo tẻ, có nhân thịt, hành, mộc nhĩ, gói bằng lá chuối thành hình củ ấu, luộc chín",
752,bánh gối,d,"bánh nhân thịt, miến, v.v., bọc trong vỏ bột gói giống như cái gối hình bán nguyệt có riềm, đem rán vàng, ăn với nước chấm và rau sống",
753,bánh gối,d,bánh mì gối [nói tắt],
754,bánh hỏi,d,"bánh làm bằng bột gạo tẻ, hấp chín thành từng sợi nhỏ hơn bún, ăn với thịt quay hoặc nem [thường có ở miền Nam]","#""Chín năm ở Hà Nội, thịt heo quay ở chợ nào cũng có, nhưng không thấy đâu có bánh hỏi."" (Nguyễn Quang Sáng; 10)"
755,bánh in,d,"bánh làm bằng bột gạo nếp hay bột đậu xanh rang trộn với đường, nén vào khuôn nhỏ [thường có ở miền Trung và miền Nam]",
756,bánh ít,d,"bánh làm bằng bột gạo nếp, có nhân thịt hoặc đậu xanh, gói bằng lá chuối thành hình chóp, luộc chín [thường có ở miền Trung và Nam]",
757,bánh khảo,d,"bánh làm bằng bột gạo nếp rang trộn với đường, cán kĩ, nén vào khuôn, có khi có nhân",#mua mấy phong bánh khảo
758,bánh khoai,d,"bánh làm bằng khoai lang hoặc khoai sọ thái mỏng, trộn với bột gạo tẻ, nhân đậu xanh và thịt, gói lá, luộc chín",
759,bánh khoai,d,"bánh làm bằng khoai lang thái mỏng, trộn với bột mì hoà nước, rán vàng",
760,bánh khoái,d,"bánh quấy bằng bột gạo tẻ trộn với hành mỡ, đổ ra đĩa",
761,bánh khoái,d,bánh xèo,
762,bánh khúc,d,"bánh làm bằng bột gạo nếp trộn với lá rau khúc giã nhỏ, có nhân đậu xanh và mỡ, đồ lẫn với gạo nếp",
764,bánh mật,d,"bánh làm bằng bột gạo nếp trộn với mật, có nhân đậu xanh hoặc lạc, thường gói bằng lá chuối khô, hấp chín",
766,bánh mì,d,"bánh làm bằng bột mì ủ men nướng chín trong lò, dùng làm món ăn chính ở một số nước",
767,bánh mì gối,d,"bánh mì hình khối chữ nhật, rất mềm",
768,bánh mướt,d,bánh cuốn,
769,bánh nậm,d,"bánh làm bằng bột gạo tẻ trải mỏng ra giữa hai lớp lá chuối, có nhân tôm thịt, gói thành tấm hình chữ nhật, hấp chín [được làm nhiều ở miền Trung]",
770,bánh nếp,d,"bánh làm bằng bột gạo nếp, có nhân đậu xanh và thịt, mỡ, gói bằng lá chuối, hấp chín",
771,bánh nướng,d,"bánh có nhân thập cẩm hoặc nhân đậu xanh, bên ngoài có bao lớp áo bột mỏng, nướng chín trong lò, làm phổ biến vào dịp Tết Trung Thu",
772,bánh phồng,d,"bánh làm bằng bột gạo nếp hoặc bột khoai sọ trộn đường, nướng phồng lên, ăn giòn",
773,bánh phồng tôm,d,"bánh làm bằng tinh bột trộn với tôm giã nhỏ, sấy khô, khi ăn rán phồng lên",
774,bánh phở,d,"bánh tráng bằng bột gạo tẻ, không có nhân, cắt thành sợi để làm phở",
775,bánh quế,d,"bánh làm bằng bột gạo tẻ xay ướt tẩm đường và bột thơm mùi quế, đổ vào khuôn kẹp, nướng trên lò và cuộn thành ống hơi dẹt",
776,bánh quy,d,"bánh làm bằng bột mì cán mỏng, đóng khuôn và nướng chín trong lò, có vị ngọt hoặc mặn",
777,bánh rán,d,"bánh làm bằng bột gạo nếp, có nhân đậu xanh và đường hoặc nhân thịt, miến, v.v. rán vàng",
779,bánh tai voi,d,"bánh làm bằng bột mì với đường, nướng chín, có hình tai voi",
780,bánh tày,d,bánh tét nhỏ,
781,bánh tây,d,bánh mì,
782,bánh tẻ,d,"bánh làm bằng bột gạo tẻ, có nhân hành mỡ, gói bằng lá dong hoặc lá chuối, luộc chín",
783,bánh tét,d,"bánh làm từ nguyên liệu giống bánh chưng nhưng gói thành hình trụ to và dài, làm phổ biến ở một số địa phương [miền Trung và miền Nam] vào dịp Tết Nguyên Đán",#đòn bánh tét
784,bánh thánh,d,bánh do các giáo sĩ Công giáo làm phép rồi phân phát cho con chiên trong những ngày lễ lớn ở nhà thờ,
785,bánh tổ,d,"bánh làm bằng bột gạo nếp và nước đường hoặc mật, đổ vào rọ tre đan có lót lá chuối [giống hình tổ chim], rồi hấp chín, làm phổ biến ở một số địa phương [miền Trung và miền Nam] vào dịp Tết Nguyên Đán, có thể ăn ngay hoặc rán vàng",
786,bánh tôm,d,"bánh làm bằng bột gạo hoặc bột mì rán với tôm, ăn với nước chấm và rau sống",
787,bánh trái,d,bánh để ăn [nói khái quát],
788,bánh tráng,d,bánh đa,
789,bánh tro,d,"bánh làm bằng gạo nếp ngâm nước tro, gói bằng lá dong, luộc chín, có màu vàng trong, ăn với mật hoặc đường",
790,bánh trôi,d,"bánh làm bằng bột gạo nếp, viên tròn, có nhân đường, bỏ vào nước sôi, chín thì nổi lên, làm phổ biến vào dịp Tết Hàn Thực [mồng 3 tháng 3 âm lịch]",
791,bánh trung thu,d,bánh nướng và / hoặc bánh dẻo dùng trong dịp Tết Trung Thu,
792,bánh ú,d,"bánh làm bằng gạo nếp, gói bằng lá thành hình tháp nhỏ có bốn góc, luộc chín",
793,bánh ú tro,d,bánh tro gói hình tháp,
794,bánh ướt,d,bánh cuốn,
798,bánh xèo,d,"bánh làm bằng bột gạo tẻ xay ướt, tráng mỏng trên chảo rồi gập đôi lại, trong đó có nhân tôm, thịt, giá và hành",
972,bắp,d,ngô,"#chè bắp #""Nè, tôi nướng bắp cho anh ăn nghen?"" (Lê Văn Thảo; 8)"
976,bắp chuối,d,"phần hoa chuối hình bắp còn lại sau khi đã sinh buồng chuối, có thể dùng làm rau ăn",#nộm bắp chuối #thái bắp chuối ăn ghém
1026,bầu,d,"cây leo bằng tua cuốn, lá mềm rộng và có lông mịn, quả tròn, dài, có loại thắt eo ở giữa, dùng làm rau ăn","#""Bầu ơi thương lấy bí cùng, Tuy rằng khác giống nhưng chung một giàn."" (Cdao)"
1034,bầu dục,d,thận của một số thú nuôi để ăn thịt,#bầu dục lợn #cháo bầu dục (cháo nấu với bầu dục)
1045,bầu sao,d,"bầu quả to, da xanh lục, lốm đốm trắng",
1074,bẹ,d,ngô,"#""(...) chỉ mong được quay về nước, cháo bẹ rau măng cũng còn vui hơn."" (Đỗ Chu; 3)"
1092,bê,d,bò con,#thịt bê
1193,bì,d,"da của lợn, bò, v.v. dùng làm thức ăn","#bì lợn #nem bì #""Những mâm cỗ với món giò bì nhai giòn sần sật (...)"" (Khái Hưng; 2)"
1208,bí đao,d,"bí quả dài, vỏ xanh, khi non có lông, khi già có lớp phấn trắng ở ngoài vỏ, ruột màu trắng",
1209,bí đỏ,d,"bí quả to, hình cầu dẹt có khía dọc, thịt màu vàng đỏ, hạt có thể dùng làm thuốc",
1213,bí ngô,d,"bí quả to, hình cầu dẹt có khía dọc, thịt màu vàng đỏ, hạt có thể dùng làm thuốc",
1214,bí phấn,d,"bí quả dài, vỏ xanh, khi non có lông, khi già có lớp phấn trắng ở ngoài vỏ, ruột màu trắng",
1216,bí rợ,d,bí đỏ,
1225,bí ử,d,"bí gần với bí đỏ, thịt quả màu đỏ",
1236,bia,d,"thức uống có độ cồn nhẹ, chế bằng mộng lúa đại mạch",#lễ hội bia
1237,bia bọt,d,bia để uống [nói chung],"#suốt ngày bia bọt, rượu chè"
1238,bia chai,d,bia uống được đóng thành từng chai,
1240,bia hơi,d,"bia chưa qua khâu thanh trùng, thường được đóng trong các thùng và không bảo quản được lâu",
1241,bia lon,d,bia uống được đóng thành từng lon,
1244,bia tươi,d,bia vừa sản xuất xong được đưa ra sử dụng ngay,
1247,bìa,d,từ dùng để chỉ từng đơn vị miếng đậu phụ,#mua ba bìa đậu
1254,bích cốt,d,"bánh làm bằng bánh mì cắt thành miếng, sấy khô hoặc rán",
1257,bích quy,d,bánh quy,
1429,bíp tết,d,"món ăn kiểu Âu, làm bằng thịt bò rán cả miếng",#thịt bò bíp tết #bánh mì bíp tết
1430,bít cốt,d,"bánh làm bằng bánh mì cắt thành miếng, sấy khô hoặc rán",
1436,bo bo,d,tên gọi thông thường của ý dĩ,"#""Chim quyên ăn trái bo bo, Thương người dệt lụa trao go một mình."" (Cdao)"
1437,bo bo,d,cao lương,#cơm trộn bo bo
1445,bò hóc,d,mắm làm bằng cá để ươn [một món ăn truyền thống của người Khơ Me],"#""Trong đám làm phước, bún chan với nước dùng, nêm mắm 'bò hóc' là món ăn chính, ngon nhất của địa phương."" (Đoàn Giỏi; 1)"
1502,bòn bon,d,"cây ăn quả, lá kép lẻ, quả tròn thành chùm, có năm múi, năm vách ngăn, cùi ngọt",
1508,bòng,d,"cây cùng họ với bưởi, quả to, cùi dày, vị chua",#quả bòng
1512,bỏng,d,"món ăn làm bằng ngô hoặc gạo rang phồng cho nở ra, có khi trộn thêm mật",#bỏng ngô #một nắm bỏng gạo
1523,bóng,d,"bong bóng cá hay bì lợn phơi khô, nướng, sấy hoặc rán phồng, dùng làm thức ăn",
1533,bóng bì,d,"bì lợn phơi khô, rán phồng, dùng chế biến làm món ăn",
1587,bồ đào,d,"[cây, quả] nho",#trái bồ đào #rượu bồ đào
1597,bồ ngót,d,rau ngót,
1759,bỗng,d,bã rượu hoặc rau cỏ ủ chua làm thức ăn cho lợn,#bỗng rượu #ủ bỗng chua cho lợn #giấm bỗng
1767,bột,d,cá bột [nói tắt],"#cá mè bột #""Ban đêm, bà con xã viên trong làng gọi nhau ra ngủ ở ngoài bãi, ai cũng biết rằng cái trò vớt bột thường ăn thua vào những đêm lặng gió."" (Đỗ Chu; 5)"
1768,bột,d,"chất chứa nhiều trong hạt ngũ cốc hoặc các loại củ, dễ xay giã thành những hạt nhỏ mịn",#xay bột làm bánh #bột mì #có bột mới gột nên hồ (tng)
1769,bột,d,món ăn của trẻ em nấu từ bột gạo,#quấy bột #cho bé ăn bột
1776,bột ngọt,d,mì chính,
1777,bột nở,d,"bột mịn dễ tan trong nước, thường dùng trong chế biến thực phẩm để làm tăng thêm độ nở, độ tơi xốp",#cho bột nở vào làm bánh mì
1778,bơ,d,chất béo màu vàng nhạt tách ra từ sữa tươi,#ăn bánh mì với bơ
1779,bơ,d,"cây ăn quả, lá to dài hình xoan hoặc thuôn, hay bầu dục, quả có vỏ và thịt màu xanh lục, khi chín thịt chuyển thành màu vàng nhạt, ăn có vị béo [như bơ]","#""Gạc Rang xách về một ôm bánh mỳ, có hôm ăn trừ bữa cả túi quả bơ, vú sữa."" (Tô Hoài; 17)"
1842,bùi,d,trám,
1867,bún,d,"món ăn làm bằng bột gạo tẻ luộc chín, có hình sợi tròn, mềm, vị hơi chua","#mềm như bún #""Trong buổi chạng vạng, tôi nhìn thấy những cọng bún trắng nõn thòng xuống miệng ảng."" (Anh Đức; 11)"
1868,bún bò,d,"món ăn gồm bún trộn với thịt bò xào, giá đỗ và các thứ gia vị",
1869,bún chả,d,"món ăn gồm bún với thịt nướng, ăn kèm với rau sống và nước chấm",
1870,bún tàu,d,miến làm bằng bột đậu xanh [có nhiều ở miền Nam],
1871,bún thang,d,"món ăn gồm bún, thịt gà xé tơi, giò và trứng tráng thái nhỏ, có rắc tôm bông và chan nước dùng",
1937,bữa,d,"tổng thể nói chung những thức ăn uống cùng một lần vào một lúc nhất định, theo lệ thường","#nhậu một bữa bí tỉ #""Đã bao lâu nay chỉ ăn toàn cơm với muối, nay được bữa cá lạ miệng, bữa cơm trông ngon lành lắm."" (Trần Tiêu; 1)"
1938,bữa,d,lần ăn uống thường lệ trong ngày,"#ăn thành nhiều bữa #""Anh chị đi sơ tán thì anh ăn uống linh tinh ngoài phố, đói thì ăn không đói thì thôi, không ra bữa."" (Nguyễn Khải; 28)"
1974,bưởi đào,d,bưởi có múi và tép màu hồng,
1975,bưởi đường,d,"bưởi có quả hình giống quả lê, vị ngọt",
2019,ca la thầu,d,"món ăn có nguồn gốc từ Trung Quốc, làm bằng một số loại củ, thường là củ cải, su hào, muối và xì dầu",
2027,ca ri,d,"bột gia vị làm bằng nghệ và hạt mùi, có màu vàng và mùi thơm đặc trưng",#thịt gà nấu ca ri
2036,cà,d,"cây thân cỏ, có nhiều loài, lá có lông, hoa màu tím hay trắng, quả chứa nhiều hạt, phần lớn ăn được","#""Anh đi anh nhớ quê nhà, Nhớ canh rau muống nhớ cà dầm tương."" (Cdao)"
2038,cà bát,d,"cà quả to, hình tròn dẹt, dùng làm thức ăn",
2039,cà chua,d,"cà thân và lá có lông, lá xẻ hình chân vịt, hoa vàng, quả chín màu vàng đỏ, thịt mềm mọng nước, vị hơi chua",#nước xốt cà chua
2041,cà cuống,d,gia vị làm bằng tinh dầu lấy ở cà cuống,#nước mắm cà cuống
2043,cà dái dê,d,cà tím có quả to và dài [trông giống như dái dê],
2044,cà dừa,d,cà bát,
2056,cà pháo,d,"cà quả nhỏ, thường dùng để muối làm thức ăn, ăn giòn","#""(...) nhìn vào cái cà mèn cơm trưa của chị chỉ thấy có mấy gắp rau muống xào và mấy quả cà pháo."" (Nguyễn Khải; 3)"
2057,cà phê,d,"cây nhỡ, lá mọc đối, hoa trắng, quả nhỏ, khi chín có màu đỏ, hạt đem rang và xay nhỏ thành bột màu nâu sẫm, dùng để pha nước uống",#cà phê phin (cà phê pha bằng phin) #tăng diện tích trồng cà phê
2060,cà ri,d,"bột gia vị làm bằng nghệ và hạt mùi, có màu vàng và mùi thơm đặc trưng",#thịt gà nấu ca ri
2064,cà tím,d,"cà quả tròn hoặc dài, màu tím đậm hoặc nửa tím nửa trắng, dùng làm thức ăn",
2126,cá lóc,d,cá quả,#canh chua cá lóc
2144,cá mú,d,cá [nói khái quát],"#""Cả đời chỉ biết sông đầm cá mú, chừ vô đó làm lụng răng, ăn uống răng?"" (Hồng Nhu; 3)"
2247,cải bẹ,d,cải lá có bẹ to,#cải bẹ muối dưa
2251,cải canh,d,"cải lá to, mềm, màu xanh tươi, thường dùng để nấu canh",
2252,cải cay,d,"cải hoa vàng, hạt màu đen, thường xay làm bột gia vị hoặc làm thuốc",
2253,cải củ,d,"cải hoa màu trắng, rễ phồng thành củ màu trắng, dùng làm thức ăn",#dưa cải củ muối xổi
2255,cải hoa,d,"cải có hoa non mọc tập trung thành một khối nạc, màu trắng, dùng làm rau ăn",
2256,cải làn,d,"cải lá hơi giống lá su hào, màu xanh thẫm, dùng làm thức ăn",
2264,cái,d,giống để gây ra một số chất chua,#cái mẻ #cái giấm
2266,cái,d,"phần chất đặc, thường là phần chính trong món ăn có nước","#ăn cả cái lẫn nước #khôn ăn cái, dại ăn nước (tng)"
2274,cam,d,"cây ăn quả, hoa màu trắng, quả tròn, có múi, nhiều nước, bé hơn quả bưởi, khi chín thường có màu vàng đỏ, vị ngọt hoặc chua",#màu da cam #cốc nước cam
2277,cam bù,d,"cam quả to, dẹt, vỏ mỏng, vị hơi chua",
2278,cam chanh,d,"cam quả tròn, vỏ khi chín có màu vàng",
2280,cam đường,d,"cam ngọt, quả trông giống như quả quýt nhưng lớn hơn, vỏ mỏng, khi chín có màu vàng đỏ",
2281,cam giấy,d,cam đường có vỏ rất mỏng,
2285,cam sành,d,"cam quả có vỏ dày, sần sùi","#""Chẳng chua cũng thể là chanh, Chẳng ngọt cũng thể cam sành chín cây."" (Cdao)"
2305,cám,d,"chất bột màu vàng nâu, do lớp vỏ mềm bao ngoài hạt gạo nát vụn ra khi giã, xát, thường dùng làm thức ăn cho lợn",#nấu cám cho lợn
2340,canh,d,"món ăn có nhiều nước, thường nấu bằng rau với thịt hoặc tôm cá, dùng ăn với cơm","#""Anh đi anh nhớ quê nhà, Nhớ canh rau muống nhớ cà dầm tương."" (Cdao)"
2433,cao lâu,d,"món ăn đặc sản gốc Trung Quốc, tương tự như phở, nhưng ít nước; cũng thường dùng để chỉ các hiệu ăn lớn của người Hoa","#đi ăn cao lâu #""Trước đây ông nấu bếp hiệu cao lâu Tầu, rồi ông ra mở phở."" (Nguyễn Tuân; 36)"
2434,cao lầu,d,"món ăn đặc sản gốc Trung Quốc, tương tự như phở, nhưng ít nước; cũng thường dùng để chỉ các hiệu ăn lớn của người Hoa","#đi ăn cao lâu #""Trước đây ông nấu bếp hiệu cao lâu Tầu, rồi ông ra mở phở."" (Nguyễn Tuân; 36)"
2436,cao lương,d,thịt béo và gạo ngon; món ăn ngon [nói khái quát],"#""Miếng cao lương phong lưu nhưng lợm, Mùi hoắc lê thanh đạm mà ngon."" (CO)"
2475,cát căn,d,vị thuốc đông y làm bằng rễ cây sắn dây phơi khô,
2532,cẳng giò,d,chân giò,
2599,cần ta,d,rau cần; phân biệt với cần tây,
2762,cầy,d,"chó, về mặt để ăn thịt",#thịt cầy #cầy tơ bảy món
2769,cậy,d,"cây giống cây hồng, nhưng quả bé và chát, có nhựa dính như keo","#""Còn duyên buôn cậy bán hồng, Hết duyên buôn mít cho chồng nhặt xơ."" (Cdao)"
2787,chả,d,"món ăn làm bằng thịt, cá hoặc tôm thái miếng, băm hoặc giã nhỏ, ướp gia vị, rồi rán hoặc nướng",#chả cá #bún chả #chả rán #nem công chả phượng
2788,chả,d,giò,#gói chả
2789,chả chìa,d,"món ăn làm bằng sườn lợn chặt khúc ngắn, tuốt thịt về một đầu, rán vàng và rang ngọt",
2790,chả giò,d,1 giò lụa,#gói chả giò
2791,chả giò,d,nem rán,
2792,chả giò rế,d,nem rế,
2793,chả lụa,d,giò lụa,#thịt quết nhuyễn để làm chả lụa
2794,chả quế,d,"chả làm bằng thịt lợn nạc giã nhỏ trộn với mỡ thái hạt lựu, cùng với nước quế và một số gia vị khác, phết lên ống tre hoặc kim loại rồi nướng, khi chín có hình khum khum như thanh vỏ quế","#""(...) thứ giò lụa và chả quế của bác thì khách nào ăn rồi mà không nhớ bác được."" (Nguyễn Đình Lạp; 2)"
2816,chanh,d,"cây ăn quả cùng họ với cam, quả nhỏ, có nhiều nước, vị chua, thường dùng làm gia vị hay pha nước giải khát","#""Chẳng chua cũng thể là chanh, Chẳng ngọt cũng thể cam sành chín cây."" (Cdao)"
2817,chanh cốm,d,"chanh quả nhỏ, vỏ màu lục đậm",
2819,chanh đào,d,"chanh quả to, khi chín ruột có màu hồng",
2830,chao,d,"món ăn làm bằng đậu phụ, để lên men trong dung dịch rượu và muối, có mùi rất đặc biệt","#""Tu cho rỗi kiếp nhà chùa, Tương chao, muối mặn, bốn mùa gióng chuông."" (Cdao)"
2838,cháo,d,"món ăn bằng gạo hoặc bột, nấu loãng và nhừ, có thể thêm thịt, cá, v.v.",#nấu cháo #bát cháo hành
2839,cháo hoa,d,"cháo nấu bằng hạt gạo nguyên, khi chín nhừ hạt gạo nở to ra, trông như bông hoa","#""Nấu cơm trên sống dưới khê, Đủ cả tứ bề như thể cháo hoa."" (Cdao)"
2840,cháo lá đa,d,"cháo đổ vào lá đa cuốn lại, cài vào một cái que cắm ở đầu đường, ngày trước dùng để cúng cô hồn, thường trong dịp tết Trung Nguyên, theo đạo Phật","#""Sống đã chịu một đời phiền não, Thác lại nhờ hớp cháo lá đa."" (CH)"
2841,cháo lão,d,cháo cho người ốm [nói khái quát],"#hằng ngày phải lo thuốc men, cháo lão cho ông cụ"
2842,cháo lòng,d,"cháo nấu bằng gạo với nước luộc lòng lợn, có cho thêm lòng và tiết lợn, ăn kèm gia vị","#""Nó là một anh hàng cháo lòng, bán cháo lòng thì nó biết đánh tiết canh, chứ biết làm uỷ ban thế nào mà bắt nó làm uỷ ban?"" (Nam Cao; 8)"
2844,cháo lú,d,"món cháo dưới âm phủ cho hồn ma sắp đầu thai ăn để quên đi kiếp trước, theo mê tín","#""Như ăn phải bát cháo lú bên sông Hắc Thuỷ, cô mê thiếp đi."" (Nguyễn Tuân; 10)"
2845,chạo,d,"món ăn làm bằng bì lợn, thịt hay tôm cá chín tái, thái thành sợi mỏng, trộn với thính và ướp lá ổi",
2861,cháy,d,"lớp cơm, cháo, v.v. bị sém vàng do đun quá lửa và đóng thành mảng ở sát đáy nồi","#tảng cơm cháy #""Có duyên lấy được chồng già, Ăn xôi bỏ cháy, ăn gà bỏ xương."" (Cdao)"
2869,chăn nuôi công nghiệp,d,chăn nuôi theo phương pháp kĩ thuật công nghiệp,#phát triển ngành chăn nuôi công nghiệp
2896,chân,d,"một phần tư con vật có bốn chân, khi chung nhau sử dụng hoặc chia nhau thịt","#hai nhà chung nhau một chân lợn #""Con trâu ấy lão có ăn không ăn hỏng của ai đâu (...). Ngày trước, nhà lão chỉ có nửa con (...), bao nhiêu lần xuýt đổi mạng người để giữ lấy hai chân trâu ấy."" (Đào Vũ; 1)"
2912,chân giò,d,chân lợn đã làm thịt,#chân giò hầm
3002,chầu,d,bữa ăn uống hoặc vui chơi giải trí,"#đãi một chầu phở #""Có tiền rồi, vô quán nhậu một chầu cho sướng (...)"" (Anh Đức; 6)"
3014,chè,d,"món ăn ngọt nấu bằng đường hay mật với chất có bột như gạo, đậu, v.v.",#chè đậu xanh
3015,chè bà cốt,d,chè nấu bằng mật với gạo nếp có pha vị gừng,
3016,chè bạng,d,chè sản xuất từ lá chè già băm và phơi khô,
3017,chè bồm,d,chè xấu sản xuất từ lá chè không non cũng không già,
3018,chè con ong,d,"chè nấu bằng đường với xôi, hạt xôi nở to",
3019,chè đậu đãi,d,chè nấu bằng đường trắng với đậu xanh đãi sạch vỏ,
3020,chè đen,d,"chè sản xuất từ búp chè đã được ủ lên men, nước có màu hung đỏ, vị thơm dịu",
3021,chè đường,d,"chè nấu bằng đường trắng với bột nếp hoặc bột đao, thường ăn với xôi vò",
3022,chè hạt,d,chè sản xuất từ nụ chè,
3023,chè hạt lựu,d,chè nấu bằng đường với bột hoàng tinh hoặc bột sắn kết thành những hạt nhỏ như hạt lựu,
3024,chè hoa cau,d,chè đường có rắc đậu xanh đãi vỏ đã đồ chín,
3025,chè hột,d,chè hạt,
3026,chè hương,d,"chè sản xuất từ búp chè không ủ lên men và đã sàng lọc kĩ, ướp bằng hương các thứ hoa",
3027,chè kho,d,chè nấu thật đặc bằng đường hay mật với đậu xanh rang,
3029,chè lam,d,"bánh ngọt làm bằng bột bỏng nếp ngào với mật, có pha nước gừng",
3030,chè mạn,d,chè thô sản xuất bằng búp của một giống chè lá to [trước đây thường trồng ở mạn ngược],#pha một ấm chè mạn
3031,chè móc câu,d,"chè búp ngọn, cánh săn, nhỏ và cong như hình cái móc câu",
3032,chè nụ,d,chè sản xuất từ nụ chè,
3033,chè tàu,d,"chè sản xuất từ búp chè không ủ lên men, cánh nhỏ, nước xanh, có hương thơm [nguyên sản xuất ở Trung Quốc]","#""Hương chè tàu thơm ngát thoảng lên làm Bính ngạc nhiên (...)"" (Nguyên Hồng; 1)"
3035,chè xanh,d,"lá chè già mới hái, dùng để nấu nước uống",#bát nước chè xanh
3036,chè xanh,d,chè sản xuất từ búp chè không ủ lên men; phân biệt với chè đen,
3043,chén,d,thang [thuốc đông y],#cân một chén thuốc bổ
3048,chén quỳnh,d,chén rượu ngon,"#""Đầy vơi chúc một chén quỳnh, Vì duyên duyên uống, vì tình tình say."" (Cdao)"
3142,chi tử,d,vị thuốc đông y chế biến từ quả cây dành dành,
3206,chiêm,d,lúa chiêm [nói tắt],"#""Nơi sâu em để cấy chiêm, Nơi nào cao ráo thì em cấy mùa."" (Cdao)"
3319,chín,d,"[quả, hạt hoặc hoa] ở vào giai đoạn phát triển đầy đủ nhất, thường có màu đỏ hoặc vàng, có hương thơm, vị ngon",#vườn cam chín đỏ #lúa chín đầy đồng #hoa ngâu chín
3321,chín,d,[thức ăn] được nấu nướng kĩ đến mức ăn được,#thịt luộc chưa chín #nồi khoai đã chín #cơm vừa chín tới
3462,chôm chôm,d,"cây ăn quả gần với vải, vỏ màu đỏ hoặc vàng, có nhiều gai mềm và dài, vị ngọt hơi chua",#trái chôm chôm
3756,chuối ba lùn,d,"chuối tiêu cây thấp, quả nhỏ và có mùi thơm",
3758,chuối cau,d,"chuối quả nhỏ và mập [trông giống quả cau], khi chín vỏ vàng, thịt thơm và hơi nhão",
3759,chuối chát,d,"quả chuối còn xanh và chát, dùng để ăn như rau",
3760,chuối cơm,d,"chuối giống chuối cau, nhưng quả to hơn",
3763,chuối lá,d,"chuối quả to có cạnh, vỏ dai và dài",
3765,chuối lửa,d,chuối có quả khi chín thì vỏ đỏ màu lửa,
3766,chuối mắn,d,chuối quả nhỏ và mập,#ngón tay chuối mắn (ngắn và mập)
3767,chuối mật,d,"chuối quả có thịt đỏ và ngọt, nhưng hơi nhão","#""Vườn em có một luống khoai, Có hàng chuối mật với hai luống cà."" (Trần Đăng Khoa; 15)"
3768,chuối mít,d,"chuối quả nhỏ, khi chín vỏ vàng, thịt có mùi thơm như mùi mít",
3769,chuối mốc,d,chuối tây,
3770,chuối ngự,d,"chuối quả nhỏ, khi chín vỏ rất mỏng, màu vàng, thịt chắc và thơm",
3773,chuối sứ,d,"chuối quả giống chuối tây, có ba cạnh nổi rõ, vỏ dài, thường ăn như rau khi còn xanh",
3774,chuối tây,d,"chuối quả mập, khi chín vỏ mỏng, màu vàng, thịt ngọt",
3775,chuối thanh tiêu,d,"chuối quả nhỏ, dài và cong",
3776,chuối tiêu,d,"chuối quả dài và hơi cong, khi chín vỏ màu vàng lục, thịt thơm",
3777,chuối vả,d,"chuối quả giống chuối tiêu, nhưng to hơn nhiều",
3957,chượp,d,nguyên liệu thuỷ sản [thường là cá ướp muối] đang phân huỷ dùng để làm nước mắm,#dùng cá cơm để muối chượp
3982,cỏ mật,d,"cỏ cao, cụm hoa gồm nhiều bông dựng đứng, lá khô có mùi thơm như mật, dùng làm thức ăn cho trâu bò",
4187,cỗ,d,"tất cả những món ăn bày thành mâm để cúng lễ và ăn uống, theo tục lệ","#phá cỗ trung thu #lời chào cao hơn mâm cỗ (tng) #ăn cỗ đi trước, lội nước đi sau (tng)"
4190,cỗ bàn,d,"cỗ, mâm cỗ [nói khái quát]","#cỗ bàn tươm tất #""(...) về đến nhà trai, cỗ bàn đã dọn sẵn. Mâm để la liệt trên các phản, ở dưới đất và cả ở ngoài sân."" (Tô Hoài; 34)"
4237,cốm,d,"món ăn làm bằng thóc nếp non rang chín, giã sạch vỏ, màu xanh, hương vị thơm","#chè cốm #""Một hương vị ngọt ngào như hương cốm bốc lên từ rơm mới, cái hương vị đặc biệt của ngày mùa."" (Vũ Thị Thường; 1)"
4238,cốm,d,bỏng làm bằng gạo tẻ hoặc nếp ngào với mật và nén thành bánh hình khối vuông hoặc dài,
4249,cồn,d,"rượu có nồng độ cao, dùng để đốt, sát trùng hoặc pha chế dược liệu",#đèn cồn #xoa cồn sát trùng trước khi tiêm thuốc
4615,cơm,d,"gạo đem nấu chín, ráo nước, dùng làm món chính trong bữa ăn hằng ngày","#nấu một nồi cơm đầy #""Sen đặt bát cơm vào khay đưa Nga. Mùi gạo tám thơm ngào ngạt."" (Nguyễn Công Hoan; 8)"
4616,cơm,d,những thức làm thành một bữa ăn [nói tổng quát],"#bữa cơm #ăn cơm #""Hôm ấy mình cũng phải sửa vài mâm cơm mời ít bà con đánh chén chứ."" (Nguyễn Đình Lạp; 2)"
4617,cơm,d,cùi của một số quả cây,#nhãn dày cơm #cạo cơm dừa
4618,cơm áo,d,"cơm ăn, áo mặc; những thứ cần thiết trong sinh hoạt hằng ngày của con người [nói khái quát]","#chuyện cơm áo hằng ngày #""(...) tôi sẽ nghe lời anh, sẽ bằng sức lực và trí tuệ của mình để làm nên cơm áo nuôi vợ nuôi con (...)"" (Khuất Quang Thuỵ; 1)"
4619,cơm áo gạo tiền,d,"cơm ăn, áo mặc; những thứ cần thiết trong sinh hoạt hằng ngày của con người [nói khái quát]","#chuyện cơm áo hằng ngày #""(...) tôi sẽ nghe lời anh, sẽ bằng sức lực và trí tuệ của mình để làm nên cơm áo nuôi vợ nuôi con (...)"" (Khuất Quang Thuỵ; 1)"
4620,cơm bình dân,d,"cơm rẻ tiền, bán cho người dân thường",#quán cơm bình dân
4621,cơm bụi,d,"cơm bình dân, thường bán trong hàng quán nhỏ, tạm bợ","#""Anh ngủ từ sáng đến tối, ra phố ăn cơm bụi rồi lại về ngủ tiếp."" (Nguyễn Khải; 5)"
4622,cơm bữa,d,cơm ăn mỗi bữa hằng ngày [thường không có gì đặc biệt],#cửa hàng bán cơm bữa
4624,cơm cháo,d,"cái ăn thường ngày như cơm, cháo, v.v. [nói khái quát]","#cơm cháo gì chưa? #""Mẹ già hai đứa nuôi chung, Đứa lo cơm cháo, đứa giùm thuốc thang."" (Cdao)"
4626,cơm chiên,d,cơm rang,"#""Cơm chiên ăn với cá ve, Thiếp đây chàng đấy, buôn bè ra khơi."" (Cdao)"
4627,cơm chim,d,"cơm rất ít ỏi, tựa như để cho chim ăn; thường dùng để ví cái tuy quá ít ỏi, chẳng đáng là bao nhưng lại rất cần thiết để nuôi sống","#""Suốt một tháng trời đầu tắt mặt tối mới lĩnh được năm đồng bạc mà nó lại ăn cướp cơm chim như thế, lương tâm của nó đâu nào?"" (Vũ Trọng Phụng; 7)"
4628,cơm đen,d,thuốc phiện [hàm ý hài hước],"#""Tội nghiệp! anh với vợ anh, ngoài cơm trắng ra, mỗi ngày còn phải dùng đến cơm đen nữa."" (Lãng Tử; 1)"
4629,cơm đĩa,d,"suất cơm đựng trong một đĩa lớn, để ăn cho nhanh, gọn, thường bán ở quán cơm bình dân",#gọi hai suất cơm đĩa
4630,cơm gạo,d,cơm và những thứ tối cần thiết dùng để nuôi sống con người [nói khái quát],"#""Không ở nhà với ngoại, vô đây cơm gạo đâu mà cho mày ăn."" (Anh Đức; 16)"
4631,cơm hộp,d,"cơm đựng trong hộp theo từng suất, thường có nhiều ngăn [để đựng riêng từng món], được chuyển đến theo yêu cầu của khách hàng",#gọi cơm hộp ăn cho tiện
4632,cơm lam,d,cơm nấu bằng cách lam [nấu bằng ống nứa hay ống vầu thay cho nồi],
4633,cơm nước,d,"cái ăn, cái uống thường ngày [nói khái quát]","#đã cơm nước gì chưa? #""Vợ Hậu xuống bếp bảo ban người nhà làm cơm nước."" (Nguyễn Công Hoan; 11)"
4634,cơm rang,d,"cơm để nguội rồi rang lên với dầu hoặc mỡ, có thể cho thêm một số thứ khác như giò, lạp xường, dưa muối, v.v.","#""Vợ Thủ bưng chiếc mâm từ dưới bếp lên. Bên trên là tô cơm rang và đĩa thịt vịt xào."" (Nguyễn Khắc Trường; 1)"
4635,cơm rượu,d,"bữa cơm thịnh soạn, tỏ lòng quý trọng đối với ai [nói khái quát]","#thết đãi cơm rượu #""Thạch Sanh gánh củi về nhà, Thấy có cơm rượu bày ra sẵn sàng."" (TS)"
4636,cơm rượu,d,"cơm ủ men, khi lên men có mùi thơm, vị ngọt, dùng để cất rượu",#ủ cơm rượu
4650,cu đơ,d,"kẹo làm bằng lạc rang ngào với mật hoặc đường, kẹp giữa hai lớp bánh đa mỏng, ăn giòn, có vị ngọt bùi",#kẹo cu đơ là một đặc sản của vùng Nghệ An
4674,củ cải,d,"cải hoa màu trắng, rễ phồng thành củ màu trắng, dùng làm thức ăn",#dưa cải củ muối xổi
4676,củ cái,d,"cây cùng họ với củ từ, thân hình vuông, có cạnh, củ to và hơi dẹp ở ngọn, chứa nhiều tinh bột, dùng để ăn",
4678,củ đao,d,dong riềng,
4682,củ mì,d,sắn,"#luộc củ mì #""Hàng ngày từ người già tới trẻ con chỉ ăn sắn luộc ở đây gọi là củ mì, ăn củ mì với canh rau bí."" (Thao Trường; 2)"
4683,củ mỡ,d,củ cái,
4687,củ từ,d,"cây trồng thân leo, có gai ở phần gốc, lá hình tim, hơi to, củ hình thuôn dài, mọc thành chùm, dùng để ăn","#""Củ từ chấm với mật ong, Trai tơ vớ phải nạ dòng bôn ba."" (Cdao)"
4713,cua gạch,d,"cua biển ở giai đoạn có trứng non, có gạch",
4717,cua thịt,d,"cua biển ở giai đoạn trưởng thành, có nhiều thịt",
4719,của,d,"cái ăn, về mặt có đặc tính riêng nào đó","#hám của ngọt #của không ngon, nhà đông con cũng hết (tng)"
4740,cùi,d,phần dày của vỏ ở một số loại quả,#cùi bưởi
4741,cùi,d,phần dày bên trong vỏ một số loại quả,#cùi dừa
4742,cùi,d,phần dày mọng nước nằm giữa vỏ quả và hạt một số loại quả,"#cùi nhãn #cùi vải #""(...) những quả mận hậu xanh bóng, vị ngọt mát như đường, cùi giòn, hạt róc như táo (...)"" (Ma Văn Kháng; 8)"
4743,cùi,d,lõi của một số loại quả,#cùi bắp #cùi mít
4755,củi lửa,d,"củi và lửa, những thứ cần thiết để đun nấu [nói khái quát]","#mưa gió thế này kiếm đâu ra củi lửa mà nấu #""Giữa rừng củi lửa đều không, Lấy chi nướng thịt có hòng mẹ ăn?"" (TKCT)"
4760,cúi,d,con cúi [nói tắt],#xe bông đánh cúi
5002,cứt gián,d,đòng đòng ở trạng thái mới phát triển [to bằng cái cứt gián],#lúa đã có cứt gián #ngô đang độ cứt gián
5074,dã vị,d,món ăn đơn giản được chế biến từ những thứ có sẵn ở thôn quê,"#canh cua, cà muối, dưa hành là những dã vị mà người Việt Nam nào cũng ưa thích"
5103,dạ yến,d,tiệc tổ chức vào ban đêm,"#""Đó là (...) một bữa dạ yến long trời lở đất đáng chép vào cuốn sử của khách làng chơi."" (Vũ Trọng Phụng; 4)"
5326,dâu,d,"cây bụi thấp, cành có lông tơ, quả có nhiều núm mọng nước, thường dùng để chế rượu",#rượu vang dâu #uống một cốc nước dâu
5340,dầu cá,d,"dầu chế từ gan một số loài cá biển, dùng làm thuốc bổ","#""Có mấy bịch dầu cá con để trên bàn thờ má, ba nhớ uống hàng ngày nghe!"" (Vũ Hồng; 3)"
5466,dền,d,rau dền [nói tắt],
5587,dinh dưỡng,d,chất cần thiết cho việc cấu tạo và hoạt động của cơ thể,#bảo đảm dinh dưỡng cho trẻ #loại thức ăn giàu dinh dưỡng
5608,dọc,d,"cây to cùng họ với bứa, quả hình trứng, có vị chua, ăn được, hạt có dầu",#nướng dọc để nấu canh chua
5646,dồi,d,"món ăn thường làm bằng ruột lợn hoặc chó, trong có nhồi tiết và gia vị","#""Anh ấy nghiện đấy. Anh ấy bảo ăn miếng dồi chó thì óc sáng ra, nuốt miếng thịt chó thì tỉnh cả người."" (Tô Hoài; 12)"
5647,dồi sấy,d,lạp xường,
5744,dự,d,"tên một giống lúa cho loại gạo tẻ hạt nhỏ màu trắng trong, nấu cơm dẻo và ngon",
5760,dưa,d,"cây thuộc loại bầu bí, có nhiều loài, quả dùng để ăn","#nắng tốt dưa, mưa tốt lúa (tng)"
5761,dưa,d,thức ăn làm bằng một số loại rau muối chua,#dưa muối xổi
5762,dưa,d,rau cải dùng để muối dưa,#mua dưa về muối
5763,dưa bở,d,"dưa quả chín màu vàng nhạt, thịt bở, có bột trắng, mùi thơm",
5764,dưa chuột,d,"dưa quả nhỏ và dài, vỏ có nhiều nốt sần.",
5765,dưa đỏ,d,dưa hấu,"#""Hỡi đồi cát trắng rung rinh nắng, Hỡi những vườn dưa đỏ ngọt lành!"" (Tố Hữu; 21)"
5766,dưa gang,d,"dưa quả dài, vỏ màu xanh lục, lớn hơn dưa chuột","#""Trái dưa gang sọc đen, sọc trắng, Ngọn rau đắng, trong trắng, ngoài xanh."" (Cdao)"
5767,dưa góp,d,"món ăn làm bằng một số củ hay quả sống như su hào, đu đủ, v.v., thái thành miếng mỏng, ngâm giấm có pha đường và muối",
5768,dưa hấu,d,"dưa quả to, vỏ quả màu xanh và bóng, thịt quả khi chín có màu đỏ hay vàng, vị ngọt mát.",
5769,dưa hồng,d,dưa có thịt quả giống như thịt quả dưa hấu non,"#""Mẹ mong gả thiếp về giồng, Ăn bông bí luộc, dưa hồng nấu canh."" (Cdao)"
5770,dưa leo,d,dưa chuột,
5771,dưa lê,d,"dưa quả hơi tròn, khi chín vỏ màu trắng ngà hay vàng nhạt, thịt quả giòn, thơm, vị ngọt",
5772,dưa món,d,"thức ăn làm bằng một số củ hay quả sống, như củ cải, củ kiệu, cà rốt, đu đủ, v.v., thái thành miếng mỏng, phơi héo, ngâm nước mắm nấu với đường",
5774,dừa lửa,d,"dừa quả nhỏ, da màu đỏ sậm, cùi mỏng",
5776,dừa xiêm,d,"dừa thân lùn, quả nhỏ, cùi không dày nhưng nước rất ngọt",
5818,dưỡng chất,d,chất dinh dưỡng,#đất không có đủ dưỡng chất cho cây phát triển #bữa ăn của bé cần có đầy đủ dưỡng chất
5855,đá,d,nước đá [nói tắt],#cà phê đá #nước chanh đá
6034,đại táo,d,"chế độ ăn uống của chiến sĩ và cán bộ cấp thấp trong quân đội; phân biệt với trung táo, tiểu táo","#""(...) ông tự bê thức ăn từ bàn trung táo của ông đặt sang bàn đại táo của nhóm chiến sĩ (...)"" (Đỗ Thị Hiền Hoà; 1)"
6043,đại tiệc,d,bữa tiệc lớn,"#mở đại tiệc #""Nghị Hách, mặc lòng mặc bộ áo trào vào ngày đại tiệc, cũng chắp tay vái dài lưng cúi thật khom (...)"" (Vũ Trọng Phụng; 4)"
6058,đam,d,cua đồng,"#""Giàu như người ta ăn cơm với cá, Khó như em ăn rau má đam đồng."" (Cdao)"
6149,đao,d,củ đao [nói tắt],#bột đao
6158,đào,d,quả roi,
6161,đào lộn hột,d,điều,#trồng đào lộn hột
6218,đát,d,hạn sử dụng ghi trên hàng hoá [thường là hàng tiêu dùng],#hàng đã quá đát #chưa hết đát mà đã hỏng
6241,đặc sản,d,"sản phẩm đặc biệt của một vùng, một địa phương",#món đặc sản #đặc sản của Hưng Yên là nhãn lồng
6411,đậu,d,đậu phụ [nói tắt],#đậu rán #mua mấy bìa đậu
6413,đậu bắp,d,"đậu quả thuôn dài [giống bắp ngô con], có khía và lông mịn, chứa nhiều chất nhờn, thường dùng nấu canh chua",
6414,đậu cô ve,d,"đậu quả dẹp, rộng bản, khi non có màu xanh lá mạ",
6415,đậu dải áo,d,đậu đũa,
6416,đậu đen,d,đậu có vỏ hạt màu đen,
6417,đậu đỏ,d,đậu có vỏ hạt màu đỏ,
6420,đậu Hà Lan,d,"đậu quả màu xanh ngắn và dẹp, ăn cả vỏ lúc còn non",
6421,đậu hũ,d,tào phở,
6422,đậu khấu,d,bạch đậu khấu [nói tắt],
6425,đậu nành,d,"đậu có hạt màu trắng ngà, thường dùng làm tương, đậu phụ",#bột đậu nành #sữa đậu nành
6427,đậu phộng,d,lạc,#rang đậu phộng #bán đậu phộng
6428,đậu phụ,d,"món ăn chế biến từ đậu tương, được ép thành bánh",
6430,đậu phụng,d,lạc,
6432,đậu tây,d,"đậu quả có mỏ, hạt hình quả thận, màu đỏ",
6433,đậu trắng,d,đậu có vỏ hạt màu trắng,
6434,đậu tương,d,"đậu có hạt màu trắng ngà, thường dùng làm tương, đậu phụ",
6436,đậu xanh,d,"đậu hạt nhỏ, có vỏ màu xanh lục",
6965,đọi,d,bát,#ăn nên đọi nói nên lời (tng)
6973,đòn,d,từ dùng để chỉ từng cái bánh tét,#gói mấy đòn bánh tét
6985,đọn,d,lọn,"#đọn tóc #""Tới bữa, Vạn chỉ việc sà xuống cánh đồng mầu là có ngay đọn rau lang rau đậu (...)"" (Dương Hướng; 1)"
7032,đồ hộp,d,thức ăn đóng hộp [nói khái quát],#thích ăn đồ hộp
7413,đường,d,"chất kết tinh có vị ngọt, được chế từ mía hoặc củ cải đường",#ngọt như đường #nhà máy đường
7432,đường cát,d,đường ở dạng tinh thể nhỏ như cát,
7457,đường kính,d,đường đã được tinh chế thành tinh thể màu trắng,
7468,đường ngào,d,đường nấu thành màu nâu sẫm,
7474,đường phèn,d,"đường đặc sản, kết thành tinh thể lớn và trong, trông giống như phèn chua",
7475,đường phên,d,"đường đóng thành miếng màu vàng sẫm hoặc nâu, nấu theo lối thủ công",
7477,đường phổi,d,"đường đặc sản, chế biến từ đường cát tinh, có dạng xốp, đóng thành bánh màu trắng",
7523,ép,d,nắm cơm hoặc xôi ép,#một ép xôi
7538,ga,d,"khí hoà tan trong bia, nước giải khát",#nước giải khát có ga
7543,ga tô,d,"bánh nướng xốp, mềm, làm bằng bột mì đánh lẫn với đường và trứng",
7546,gà ác,d,"gà nhỏ, lông toàn màu đen, trông như quạ",#gà ác tần thuốc bắc
7551,gà đồng,d,"ếch, nói về mặt thịt ăn được và ngon","#""Măng non nấu với gà đồng, Chơi nhau một trận xem chồng về ai."" (Cdao)"
7586,gạch,d,phần trứng non màu vàng ở dưới mai cua biển,#chắc như cua gạch (tng)
7641,gạo,d,"nhân của hạt thóc, đã qua xay giã, dùng làm lương thực",#giã gạo #vo gạo thổi cơm #thóc cao gạo kém
7643,gạo cẩm,d,"gạo nếp màu tím đen, thường dùng để cất rượu [gọi là rượu cẩm].",
7644,gạo cội,d,"gạo tốt, còn nguyên hạt sau khi xay giã.",
7645,gạo giã,d,gạo đã được giã và làm sạch cám; phân biệt với gạo lức,
7646,gạo lức,d,"gạo mới xay ra, chưa giã; phân biệt với gạo giã",#nấu cháo gạo lứt
7647,gạo nếp,d,"gạo hạt to, màu trắng đục, có nhiều nhựa, nấu chín thì trong, dẻo và thơm, dùng để thổi xôi, nấu chè, làm bánh",
7648,gạo nước,d,các thức chủ yếu dùng cho bữa ăn hằng ngày [nói khái quát],#chuẩn bị gạo nước ăn Tết
7649,gạo tẻ,d,"gạo hạt nhỏ và dài, ít nhựa, dùng để nấu cơm ăn hằng ngày",
7651,gàu,d,thịt có lẫn mỡ ở ngực bò,#phở gàu
7672,gắp,d,lượng thức ăn trong một lần gắp hoặc trong một lần nướng bằng cái gắp,#một gắp chả #gắp vài gắp đã hết đĩa rau
7716,ghém,d,"rau, quả ăn sống, dùng trong bữa ăn","#rau ghém #cà ghém #""Bao giờ rau diếp làm đình, Gỗ lim ăn ghém thì mình lấy ta."" (Cdao)"
7792,gia vị,d,"thứ cho thêm vào món ăn để tăng thêm mùi vị, như hành, ớt, hạt tiêu, mì chính, v.v.","#món ăn thiếu gia vị #""Cái 'bếp' có đủ gia vị: hành khô, ớt khô, tiêu tỏi muối đường, bột ngọt và nước mắm khô."" (Nguyễn Quang Sáng; 10)"
7793,gia vị,d,"bột được chế biến sẵn, gồm hỗn hợp một số thứ gia vị thường dùng như muối, mì chính, hạt tiêu, v.v.",#gói gia vị #nêm thêm một chút gia vị vào nồi canh
7799,giả ba ba,d,món ăn bằng thịt lợn hoặc thịt gà nấu với đậu phụ và chuối xanh theo kiểu nấu thịt ba ba,
7800,giả cầy,d,"món ăn nấu bằng thịt lợn, thường là chân giò, với gia vị theo kiểu nấu thịt chó",
7810,giá,d,"mầm đậu xanh, đậu tương chưa mọc lá, dùng làm rau ăn",#giá xào #ngâm giá
8049,giăm bông,d,thức ăn làm bằng đùi hoặc vai lợn ướp muối rồi hun khói hoặc luộc chín,
8066,giấm,d,"dung dịch loãng acid acetic trong nước, có vị chua, thường chế từ rượu lên men, dùng làm gia vị.",
8067,giấm,d,"canh nấu bằng cá, tôm, hến, v.v. với chất chua như khế, mẻ và rau thơm",#cá nấu giấm
8068,giấm bỗng,d,giấm làm bằng bã của rượu nếp,
8070,giấm ớt,d,"giấm và ớt, gia vị nói chung; dùng trong khẩu ngữ để ví cái thêm thắt cho câu chuyện trở nên có ý vị","#""Cái Vành Khuyên đem chuyện gia đình tôi đến trường, xuyên tạc và thêm giấm ớt bôi nhọ tôi."" (Ma Văn Kháng; 3)"
8071,giấm thanh,d,"giấm gây bằng rượu và các loại quả [vải, chuối, dứa, v.v.]",
8140,giền,d,rau dền [nói tắt],
8155,giò,d,cẳng chân gia súc hoặc gia cầm,"#""Bao giờ cho mía trổ bông, Cho chị có chồng em gặm giò heo."" (Cdao)"
8157,giò,d,"món ăn làm bằng thịt thái mỏng hoặc giã nhỏ, bó chặt bằng lá rồi luộc chín","#cắt một khoanh giò #""Tiếng giã giò, tiếng băm thịt, tiếng cười nói huyên náo trong năm gian nhà ngang và dưới cái rạp nhỏ sân sau."" (Khái Hưng; 2)"
8158,giò lụa,d,"giò làm bằng thịt lợn nạc giã nhỏ, rất mịn.",
8299,gỏi,d,"món ăn làm bằng cá hay thịt sống, ăn kèm với giấm, rau thơm và các gia vị khác",
8300,gỏi sinh cầm,d,gỏi làm bằng cá tươi nhỏ để cả con,
8334,gồi,d,nắm lúa được gộp lại sau một hai lần cắt,"#gồi lúa #""Mùa màng, anh em đến xin cụ lượm lúa (...) Mồm hắn nói, tay hắn lượm. Hắn cứ chọn những gồi nào to nhất, mẩy nhất thì lượm."" (Nam Cao; 32)"
8479,hải sản,d,"sản phẩm thực vật, động vật khai thác từ biển [nói khái quát]",#bào ngư là hải sản quý
8489,hải vị,d,"thức ăn quý, chế biến từ các sản phẩm lấy ở biển",#sơn hào hải vị
8530,hạn dùng,d,hạn sử dụng của hàng hoá,#thực phẩm đã quá hạn dùng #sản phẩm có hạn dùng là 12 tháng
8560,hàng khô,d,"các thứ hàng thực phẩm khô, để được lâu ngày [như lạc, vừng, miến, hạt tiêu, v.v.], nói chung",#sạp hàng khô #các hộ kinh doanh hàng khô
8590,hành,d,"cây thân ngầm, hình dẹp, mang nhiều lá mọng nước xếp úp vào nhau thành một khối hình củ, dùng làm gia vị",
8597,hành hoa,d,"hành củ nhỏ, dùng làm gia vị và làm thuốc",
8610,hành ta,d,hành; phân biệt với hành tây,
8614,hành tây,d,"hành trồng ở các vùng có khí hậu ôn đới, củ to, dùng làm gia vị",
8630,hạnh nhân,d,"nhân quả hạnh, dùng để ăn hay để làm thuốc",
8631,hạnh nhân,d,vị thuốc đông y chế biến từ nhân hạt mơ,
8679,hạt,d,quả khô của một số cây lương thực,#hạt lúa #hạt ngô
8687,hạt é,d,"hạt của cây húng dổi, ngâm vào nước thì vỏ hoá nhầy, dùng để pha nước giải khát",
8692,hạt tiêu,d,"quả của cây hồ tiêu phơi khô, màu xám, vị cay, được dùng làm gia vị","#""Hạt tiêu nó bé nó cay, Đồng tiền nó bé, nó hay cửa quyền."" (Cdao)"
8776,hèm,d,bã rượu,#nuôi lợn bằng hèm
9062,hoa lơ,d,"cải có hoa non mọc tập trung thành một khối nạc, màu trắng, dùng làm rau ăn",
9075,hoa quả,d,quả cây dùng để ăn [nói khái quát],#lẵng hoa quả #cửa hàng kinh doanh hoa quả
9092,hoà cốc,d,thóc lúa,"#""Nhờ Trời hoà cốc phong đăng, Cấy lúa lúa tốt, nuôi tằm tằm tươi."" (Cdao)"
9123,hoả thực,d,cấp dưỡng,"#""(...) hình ảnh rõ nhất vẫn là bóng dáng gầy gò lúi húi của người chiến sĩ hoả thực, gần như không có cái vui nào khác là thấy anh em ăn ngon (...)"" (Lê Khánh; 2)"
9171,hoài sơn,d,"vị thuốc đông y có màu trắng như phấn, chế từ củ mài",
9223,hoàng tinh,d,củ dong,
9240,hoành thánh,d,mằn thắn,#mì hoành thánh
9254,hoắc lê,d,một loại rau như rau dền; dùng để chỉ những thức ăn đạm bạc của người nghèo khó,"#""Miếng cao lương phong lưu nhưng lợm, Mùi hoắc lê thanh đạm mà ngon."" (CO)"
9322,hồ,d,cháo loãng nấu bằng gạo hoặc bột,#ốm nặng chỉ ăn hồ
9467,hồng,d,"cây ăn quả cùng họ với thị, quả khi xanh có vị chát, khi chín màu vàng hay đỏ, vị ngọt, hạt dẹt, màu nâu sẫm","#""Thà rằng ăn nửa quả hồng, Còn hơn ăn cả chùm sung chát lè."" (Cdao)"
9496,hồng xiêm,d,"cây ăn quả cùng họ với vú sữa, lá dày, hoa màu trắng vàng mọc ở nách lá, quả hình trứng hay tròn, vỏ ráp, thịt mềm, vị ngọt, màu nâu thẫm",
9512,hột,d,"trứng [gà, vịt]",#hột gà #hột vịt lộn
9555,hủ tiếu,d,"món ăn phổ biến ở Nam Bộ làm bằng bánh tráng từ bột gạo cắt thành sợi trộn lẫn với thịt lợn, tôm băm, có chan nước dùng hoặc xào khô",
9559,hua,d,dòi có ở trong tương hay trong nước mắm,#trong tương có hua
9580,hụm,d,ngụm,#uống một hụm nước
9594,húng chó,d,"húng lá hình mũi mác, hạt gọi là hạt é, ngâm vào nước thì vỏ hoá nhầy, dùng pha nước giải khát",
9597,húng lìu,d,"bột gia vị chế biến từ hạt cây húng dổi, quế và hoa hồi",
9675,hương,d,hương vị riêng,"#chè đã mất hương #""Trời thôn quê xanh ra, cao lên, soạn sửa đón ba ngày của một mùa thái bình, thịnh, vượng. Gió trong ruộng đã thoáng lẩn hương xuân (...)"" (Hồ Dzếnh; 12)"
9704,hương phụ,d,"vị thuốc đông y có tác dụng điều kinh và kích thích tiêu hoá, chế biến từ củ của cây cỏ gấu",
9707,hương sắc,d,hương vị đặc sắc riêng,#hương sắc đồng quê
9717,hương vị,d,mùi vị thơm,#chén trà đậm đà hương vị
9788,kem,d,"chất béo nổi thành váng, thành lớp trên bề mặt của sữa, dùng để làm bơ",
9789,kem,d,"thức ăn làm bằng sữa, trứng, đường đánh lẫn với nhau cho đặc sánh lại",#đánh kem #bánh ngọt nhân kem
9790,kem,d,"thức ăn làm bằng sữa, trứng, đường, v.v đánh lẫn với nhau rồi cho đông trong máy lạnh",#kem cốc #kem đậu xanh #mua mấy que kem
9793,kem cân,d,"kem ăn được bán theo cân, có loại đóng hộp sẵn với trọng lượng khoảng nửa cân hoặc một cân",
9794,kem cây,d,kem que,
9795,kem cốc,d,"kem đặc, đựng vào cốc để ăn",
9796,kem kí,d,kem cân,
9797,kem ký,d,kem cân,
9798,kem que,d,"kem ăn ở dạng đông cứng, đóng thành thỏi, có que để cầm",
9822,kẹo,d,"đồ ăn ở dạng viên hoặc thỏi, làm bằng đường, mật, thường có thêm các chất béo, chất thơm",#nấu kẹo #viên kẹo #kẹo lạc
9823,kẹo cao su,d,"kẹo dai và có độ đàn hồi như cao su, có thể nhai lâu rồi bỏ bã chứ không nuốt, thường dùng nhai cho sạch hoặc cho vui miệng",
9824,kẹo đắng,d,"đường nấu cô lại cho cháy, màu nâu sẫm, dùng để cho vào đồ kho nấu cho thơm và có màu",
9963,khẩu,d,"từ dùng để chỉ từng miếng nhỏ có thể bỏ vừa vào miệng để nhai, để ăn","#tiện mía thành từng khẩu #""Mấy ông khách người hạt Tam Tổng không chịu ngồi yên một chỗ để xơi một khẩu trầu."" (Nguyễn Tuân; 30)"
9976,khẩu phần,d,phần thức ăn mỗi bữa hoặc mỗi ngày của người hay súc vật nuôi,"#tăng khẩu phần ăn của bò sữa #""Tôi đem túi gạo rang chia năm phần bằng nhau, mỗi phần khoảng hai chén là khẩu phần ăn của hai người trong một ngày (...)"" (Triệu Bôn; 2)"
9978,khẩu vị,d,sở thích về ăn uống của từng người,"#món ăn hợp với khẩu vị #""Ở đây chị nuôi nấu theo khẩu vị ngoài nầy, không biết các anh ăn vừa miệng không?"" (Anh Đức; 3)"
9988,khế cơm,d,khế quả có vị ngọt,
10044,khí vị,d,mùi vị,"#""Nàng ăn xong thì đầu thấy nhẹ đi, bao nhiêu bệnh bỗng đi đâu mất cả, nàng ngồi khen cái khí vị của giống dưa quí báu ấy mãi (...)"" (Nguyễn Trọng Thuật; 2)"
10049,khiếm thực,d,"vị thuốc bổ của đông y chế biến từ thân, rễ hoặc hạt của cây súng",
10107,khoai,d,khoai lang [nói tắt],#nồi khoai luộc
10108,khoai dong,d,"cây trồng thân cỏ, lá to, cuống lá có đốt, thân ngầm phồng thành củ hình thoi dài, màu trắng, chứa nhiều bột, dùng làm thức ăn","#""Đêm qua bà thức như chong, Nó khênh nó bỏ vườn dong bao giờ."" (Cdao)"
10111,khoai mài,d,"cây leo cùng họ với củ từ, mọc ở rừng, củ hình trụ chứa nhiều bột, dùng làm thuốc hay làm thức ăn",#đói phải ăn củ mài thay cơm
10112,khoai mì,d,sắn,"#""(...) con đi giăng câu bắt cá, con ăn khoai lang khoai mì củ năng củ ấu lớn mau như thổi."" (Lê Văn Thảo; 15)"
10114,khoai mỡ,d,củ cái,
10115,khoai mùa,d,"khoai lang trồng ngay sau khi gặt lúa mùa sớm và thu hoạch vào tháng chạp, trước Tết",
10120,khoai tây,d,"cây cùng họ với cà, củ tròn, có vỏ màu vàng nhạt hay nâu nhạt, chứa nhiều bột, dùng để ăn",
10121,khoai tía,d,củ cái,
10122,khoai trụng,d,"khoai lang luộc chín, xắt lát và phơi khô",
10123,khoai từ,d,củ từ,
10124,khoai vạc,d,củ cái,
10157,khoanh,d,vật có hình một khối tròn dẹt được cắt ra từ một khối hình trụ,#khoanh sắn dây #khoanh giò
10174,khóm,d,dứa,"#""Tôi bước thêm mấy bước, qua những đống trái khóm chín vàng (...)"" (Đoàn Giỏi; 4)"
10175,khô,d,"thịt, cá phơi hoặc sấy khô để cất giữ lâu",#khô mực #khô nai
10192,khổ qua,d,mướp đắng,"#""Đói lòng ăn trái khổ qua, Nuốt vô thì đắng, nhả ra bạn cười."" (Cdao)"
10239,khởi tử,d,vị thuốc đông y chế biến từ quả của cây củ khỉ,
10264,khúc,d,rau khúc [nói tắt],
10328,khứa,d,"khúc hoặc khoanh cá được cứa ra, cắt ra",#mua một khứa cá
10504,kiệu,d,"cây thuộc họ hành tỏi, thân màu trắng, củ thường dùng để muối dưa, làm gia vị hay thức ăn",#củ kiệu #muối kiệu
10514,kim anh tử,d,"quả của cây kim anh đã bỏ hạt, dùng làm thuốc",
10688,la ve,d,bia,#uống la ve
10721,lạc nhân,d,lạc đã bóc vỏ,
10735,lài,d,thài lài [nói tắt],#rau lài
10771,lang,d,khoai lang [nói tắt],"#""Trăng rằm đã tỏ lại tròn, Củ lang đất cát đã ngon lại bùi."" (Cdao)"
10799,lành canh,d,cá lành canh [nói tắt],
10855,lạp xường,d,"món ăn làm bằng thịt trộn với diêm tiêu, nhồi vào ruột lợn rồi phơi hoặc sấy khô",
10856,lạp xưởng,d,lạp xường,
10858,lát,d,miếng mỏng được thái hoặc cắt ra,#lát bánh mì #lát khoai lang #sắn thái lát
10869,lăm,d,khoanh thịt cắt ra ở cổ bò hay lợn đã làm thịt,
10929,lẩu,d,"món ăn gồm nhiều thứ thịt, tôm, cá, rau, v.v. thả vào nồi nước dùng đang sôi để ăn nóng",#lẩu cá #lẩu bò #ăn lẩu
10953,lê,d,"cây ăn quả cùng loại với táo tây, hoa trắng, quả có nhiều nước, vị ngọt","#""Cỏ non xanh rợn chân trời, Cành lê trắng điểm một vài bông hoa."" (TKiều)"
11119,linh chi,d,"loại nấm quý sống ở một số vùng núi cao, dùng làm thuốc",
11242,long nhãn,d,"cùi nhãn được phơi hoặc sấy khô, thường dùng làm vị thuốc đông y",
11248,lòng,d,"những bộ phận trong bụng của con vật giết thịt, dùng làm thức ăn [nói tổng quát]","#""Trông mặt mà bắt hình dong, Con lợn có béo cỗ lòng mới ngon."" (Cdao)"
11249,lòng,d,"ruột lợn, dùng làm thức ăn",#lòng già #mua đoạn lòng non
11256,lòng đỏ,d,"bộ phận giữa quả trứng, màu đỏ vàng",#lòng đỏ trứng gà
11261,lòng trắng,d,bộ phận có màu trắng trong suốt bao quanh lòng đỏ trứng,#lòng trắng trứng
11301,lốc,d,lúa lốc [nói tắt],#ruộng lốc #gạo lốc
11391,lợn gạo,d,"lợn bị bệnh sán, thịt có các nang của sán lốm đốm trắng như những hạt gạo",
11425,lúa,d,thóc,#lúa đầy bồ #cối xay lúa #một giạ lúa
11426,lúa cấy,d,lúa được gieo mạ rồi nhổ lên đem cấy,
11432,lúa mì,d,"cây lương thực chính của nhiều vùng trên thế giới, nhất là của các vùng ôn đới, bột dùng làm bánh [bánh mì] ăn hằng ngày",
11435,lúa nương,d,lúa gieo thẳng trên nương ở miền núi,
11436,lúa rẫy,d,lúa gieo thẳng trên nương ở miền núi,
11437,lúa sạ,d,lúa được gieo thẳng không qua khâu cấy [gọi là sạ],
11438,lúa sớm,d,"lúa ngắn ngày, được gieo cấy vào đầu vụ mùa và thu hoạch sớm nhất trong vụ",
11439,lúa thu,d,"lúa ngắn ngày, gieo cấy vào giữa mùa hè [tháng năm], gặt vào mùa thu [tháng tám]",
11441,lúa xuân,d,"lúa ở miền Bắc Việt Nam, gieo cấy vào cuối mùa đông - đầu mùa xuân và thu hoạch vào tháng sáu",
11603,lương,d,"cái ăn dự trữ, thường là ngũ cốc",#kho lương #mang theo lương ăn đường #thuyền chở lương
11610,lương hướng,d,1 lương thực dùng cho quân đội,"#""Nguyên ngày đi đánh dẹp phương Nam, Khản làm tham lĩnh trấn Nghệ An, kiêm trông coi về lương hướng của quân lính (...)"" (HLNTC)"
11613,lương khô,d,"thức ăn làm sẵn, ở dạng khô, có thể dự trữ để ăn dần",#đem lương khô đi ăn đường #bánh lương khô
11617,lương thảo,d,lương thực cho người và rơm cỏ cho ngựa dùng trong quân đội thời trước [nói khái quát],"#""Binh khí chất đống lên trong các kho, lương thảo quyên được của dân gian tải về như mắc cửi (...)"" (Nguyễn Huy Tưởng; 1)"
11618,lương thực,d,"thức ăn có chất bột như gạo, ngô, khoai, sắn, v.v. [nói khái quát]",#dự trữ lương thực cho mùa lũ #thiếu lương thực #lúa là cây lương thực chính của người Việt
11698,ma men,d,"rượu, sức cám dỗ ghê gớm của rượu, ví như một con ma","#""Lịnh đã đem những tuổi hoa niên cầm cố cho ma men, đã uống một bữa rượu dài ba bốn năm ròng (...)"" (Nguyễn Tuân; 10)"
11744,má,d,rau má [nói tắt],#dây mơ rễ má (tng)
11757,mạch,d,lúa mạch [nói tắt],
11771,mạch nha,d,hạt lúa mạch đã nảy mầm dùng để chế rượu bia,
11772,mạch nha,d,"kẹo làm bằng gạo nếp và các loại tinh bột, có dùng men trong mầm thóc để đường hoá",
11790,mài,d,củ mài [nói tắt],
11859,mãng cầu,d,na,"#""Họ đi xuyên qua đám vườn mãng cầu ta rậm rạp. Mùi mãng cầu chín bay thơm ngát."" (Anh Đức; 16)"
11888,mảnh bát,d,"cây leo mọc hoang, cùng họ với bầu bí, quả khi chín có màu đỏ, có thể dùng làm rau ăn",
11918,màu,d,hoa màu [nói tắt],#trồng màu #ruộng màu (ruộng trồng cây hoa màu)
12044,mắc coọc,d,"cây nhỡ, quả tương tự như quả lê nhưng nhỏ hơn, thịt quả cứng, vị chua, ngọt",
12053,mắm,d,thức ăn làm bằng tôm cá sống ướp muối và để lâu ngày cho ngấu,#mắm tôm #mắm cá cơm #mắm tép chưng thịt #liệu cơm gắp mắm (tng)
12054,mắm,d,cá đã ướp muối làm mắm,#người gầy như con mắm
12055,mắm cái,d,tên gọi chung các loại mắm cá muối còn nguyên cả con,
12056,mắm kem,d,nước mắm cô đặc,
12057,mắm muối,d,mắm và muối [nói khái quát]; cũng dùng để ví phần thêm vào câu chuyện kể cho đỡ nhạt nhẽo hoặc cho được đậm đà,#câu chuyện được thêm mắm thêm muối nghe càng hấp dẫn
12058,mắm nêm,d,"mắm thường có màu nâu sẫm, được làm bằng các loại cá nhỏ như cá cơm, cá nục, v.v. để cho thật ngấu mới ăn",
12059,mắm tép,d,"mắm làm bằng tép đồng, thường có màu đỏ",
12060,mắm tôm,d,"mắm có màu nâu sẫm, làm bằng loại tôm biển nhỏ [gọi là moi] để thật ngấu, có mùi rất đặc biệt",#gắt như mắm tôm (tng)
12061,mằn thắn,d,"món ăn làm bằng thịt giã hoặc băm nhỏ bao trong bột, ăn với nước dùng",#mì mằn thắn
12062,mẳn,d,"mảnh hạt, thường là hạt tấm rất nhỏ, vụn","#ăn tấm, ăn mẳn #""Tiếc công vãi mẳn cho cu, Cu ăn, cu lớn, cu gù nhau đi."" (Cdao)"
12063,măng,d,"mầm tre, vầu, v.v. mới mọc từ gốc lên, có thể dùng làm rau ăn",#vịt xáo măng #tre già măng mọc (tng)
12067,măng le,d,"măng của cây le, thường nhỏ và chắc, có thể dùng làm rau ăn",
12158,mận,d,"cây ăn quả cùng họ với đào, lá dài, mép lá có răng cưa nhỏ, hoa trắng, quả có vỏ màu đỏ tía hay lục nhạt, vị chua, ngọt, được trồng nhiều ở vùng miền núi phía Bắc",
12159,mận,d,[cây] roi,#trái mận
12160,mận cơm,d,"mận quả nhỏ, ăn giòn, vị chua",
12161,mận hậu,d,"mận có quả màu xanh hoặc tím đỏ, thịt dày, hạt nhỏ, vị ngọt hoặc hơi giôn giốt",
12162,mận tam hoa,d,"mận lai đào, quả to hạt nhỏ, khi chín vỏ màu tím nhạt pha xanh, thịt dày, ăn giòn, thơm, có vị ngọt",
12166,mật,d,chất có vị ngọt do các tuyến ở đáy một số loài hoa tiết ra,#ong hút mật
12167,mật,d,nước mía đã cô đặc,#nấu mật
12178,mật ong,d,"chất lỏng, sánh, màu vàng óng, vị ngọt sắc, do ong hút mật làm ra, thường dùng để ăn hoặc làm thuốc",
12230,me,d,bê,"#thịt me #""Ra đường quần lĩnh áo the, Về nhà không có con me mà cày."" (Cdao)"
12234,mè,d,vừng,#dầu mè
12236,mè xửng,d,"kẹo dẻo, màu hơi vàng và trong, lớp ngoài bọc vừng, được cắt thành miếng",#mè xửng là một đặc sản của xứ Huế
12237,mẻ,d,"chất chua làm bằng cơm nguội để lên men, dùng làm gia vị khi nấu thức ăn",#chua như mẻ #món ốc nấu mẻ
12257,men,d,"rượu, về mặt có tác dụng gây hưng phấn hoặc làm say","#chếnh choáng men say #""Tiếng ai như tiếng chuông đồng, ấm êm như tiếng vợ chồng say men."" (Cdao)"
12308,mì,d,lúa mì [nói tắt],#bột mì
12309,mì,d,thức ăn làm bằng bột mì cán thành sợi hoặc bột gạo tráng mỏng cắt thành sợi,#mì xào #mì sợi
12310,mì,d,sắn,#thu hoạch mì
12311,mì ăn liền,d,"mì sợi đã được chế biến để có thể cho vào nước sôi là ăn được ngay, không cần nấu","#gói mì ăn liền #cách làm theo kiểu mì ăn liền (kng; không đầu tư đủ công sức, thời gian, chỉ cốt cho nhanh nên chất lượng kém)"
12312,mì chính,d,"muối của một aminoacid, có dạng kết tinh màu trắng, dễ tan trong nước, thường cho vào thức ăn để làm tăng vị ngọt",
12313,mì thánh,d,mằn thắn,
12330,mĩ vị,d,món ăn ngon và quý,#cao lương mĩ vị (tng)
12346,miến,d,"thức ăn làm bằng tinh bột, chế biến thành sợi dài, nhỏ và khô, nấu chín có màu trong và dai",#miến xào lòng gà #miến cua
12350,miếng,d,lượng thức ăn vừa để cho vào miệng mỗi lần ăn,"#ăn vội mấy miếng #""Trầu em, trầu quế, vừa vôi, Anh ăn một miếng kết đôi vợ chồng."" (Cdao)"
12351,miếng,d,cái ăn,"#kiếm miếng ăn #miếng ngon nhớ lâu, đòn đau nhớ đời (tng)"
12388,mít,d,"cây ăn quả thân to, có nhựa mủ, quả lớn, ngoài vỏ có gai, trong chứa nhiều múi có màu vàng khi chín, vị ngọt thơm","#""Còn duyên buôn cậy bán hồng, Hết duyên buôn mít cho chồng nhặt xơ."" (Cdao)"
12389,mít dai,d,"mít quả có múi ráo, dai, vị thơm ngon",
12390,mít mật,d,"mít quả có múi mềm, nhão, vị ngọt",
12391,mít ráo,d,mít dai,
12393,mít tố nữ,d,"mít có quả nhỏ, ra thành chùm sát gốc, hình dáng thon đẹp, gai mịn, múi tròn, vị thơm ngon",
12394,mít ướt,d,mít mật,
12423,móc hàm,d,"trọng lượng gia súc sau khi đã chọc tiết, cạo lông, và lấy hết lòng [phân biệt với trọng lượng gia súc khi còn sống]",#cân móc hàm #giá thịt lợn móc hàm
12427,mọc,d,"món ăn làm bằng thịt nạc giã nhỏ, vê thành viên tròn, hấp chín, thường ăn với món ăn khác có nước dùng",#bún mọc
12444,món,d,từ chỉ từng kiểu thức ăn đã được chế biến theo một cách thức nhất định,#món cá chép om dưa #thực đơn gồm có chín món #thích ăn món khoai tây rán
12455,móng cóc,d,cá [trong bộ bánh cóc],#xe trượt móng cóc
12456,móng giò,d,đoạn ngắn của chân giò lợn từ khuỷu đến các móng,#bún móng giò
12492,mốc hoa cau,d,"mốc vàng đều trên mặt của vật được ủ, như xôi, ngô, v.v., để làm tương",
12499,mộc nhĩ,d,"nấm giống hình cái tai, màu nâu đen, thường mọc ở thân cây gỗ mục, dùng làm thức ăn",
12501,mộc tuyền,d,"giống lúa nhập nội, cấy vào vụ mùa ở miền Bắc Việt Nam, gạo ngon",
12510,mồi,d,"thức ăn của các loài động vật, nói chung",#cọp rình mồi #chim mẹ đang mớm mồi cho con #kiến tha mồi
12511,mồi,d,thức nhắm,#kiếm ít mồi về nhậu #mồi nhậu là mấy con khô mực
12512,mồi,d,thức ăn mắc vào lưỡi câu hay cho vào bẫy để nhử bắt động vật,"#mồi giun #mồi bẫy chuột #""Câu cá cá chẳng ăn mồi, Đừng câu mà mệt, đừng ngồi mà trưa."" (Cdao)"
12533,môn,d,khoai môn [nói tắt],
12608,mỡ màng,d,mỡ để ăn [nói khái quát],#mỡ màng dính đầy tay
12611,mỡ sa,d,mỡ lá,#mua hai lạng mỡ sa
12627,mù tạt,d,"cây họ cải, hoa vàng, hạt dùng chế gia vị",#gỏi cá ăn với mù tạt
12693,mùi mẽ,d,"mùi vị của đồ ăn, thức uống, v.v. [nói khái quát; hàm ý chê]","#chè nấu nhạt thếch, chẳng có mùi mẽ gì"
12695,mùi vị,d,mùi và vị cảm nhận được [nói khái quát],#sầu riêng có mùi vị rất đặc biệt #mùi vị của đồng quê #nếm trải đủ mùi vị của cuộc đời
12710,múi,d,"phần của quả, có màng bọc riêng rẽ, trong có chứa hạt và có thể có chứa các tép nhỏ",#múi bưởi #múi quýt #múi mít
12737,muối,d,"tinh thể trắng, vị mặn, thường được tách từ nước biển, dùng để ăn","#""Muối ba năm muối hãy còn mặn, Gừng chín tháng gừng hãy còn cay."" (Cdao)"
12739,muối ăn,d,muối mặn dùng để ăn [phân biệt với muối là hợp chất do acid tác dụng với base sinh ra],
12741,muối mè,d,muối vừng,#cơm nắm chấm muối mè
12742,muối mỏ,d,"muối ăn lấy ở mỏ, phân biệt với muối lấy từ nước biển",
12743,muối tiêu,d,"muối ăn trộn với hạt tiêu, giã nhỏ",#thịt gà chấm muối tiêu #lọ muối tiêu
12745,muối vừng,d,"vừng và muối rang chín, giã nhỏ, trộn lẫn vào nhau, dùng làm thức ăn",#cơm nắm muối vừng
12812,mướp hương,d,mướp quả có vị thơm,
12813,mướp tây,d,"đậu quả thuôn dài [giống bắp ngô con], có khía và lông mịn, chứa nhiều chất nhờn, thường dùng nấu canh chua",
12815,mứt,d,"món ăn làm bằng những thứ củ, quả, v.v. rim đường",#mứt sen #làm mứt #hộp mứt Tết
12844,mỹ vị,d,món ăn ngon và quý,#cao lương mĩ vị (tng)
12847,na,d,"cây ăn quả, quả hình cầu, vỏ có nhiều mắt, thịt trắng, mềm và ngọt, hạt màu đen",#quả na đã mở mắt #răng đen nhưng nhức hạt na
12855,nạc,d,thịt không có mỡ,#thịt nạc #miếng nạc vai #hết nạc vạc đến xương (tng)
12862,nải,d,cụm quả chuối xếp thành hai tầng trong buồng chuối,#nải chuối tiêu #buồng chuối có năm nải
12894,nạm,d,"thịt ở sườn bò, có lẫn cả gân",#phở nạm
12965,nầm,d,"phần thịt ở giữa bụng lợn, trâu, bò, v.v.",#miếng nầm #nầm dê
12968,nấm hương,d,"nấm có mũ, mùi thơm, mọc trên các cây gỗ mục trong rừng, ăn được",
12970,nấm mèo,d,mộc nhĩ,
12972,nấm mỡ,d,"nấm có mũ màu trắng hồng, thường mọc trên đất bón phân hữu cơ, ăn được",
12973,nấm rơm,d,"nấm có mũ màu xám nhạt, mọc ở các đống rơm rạ mục nát, ăn được",
12974,nấm sò,d,nấm mỡ hình dáng giống như cái vỏ sò,#xào nấm sò với thịt bò
12981,nây,d,thịt mỡ bèo nhèo ở bụng lợn,"#nhiều tiền ăn thịt, ít tiền ăn nây (tng)"
12983,nem,d,"món ăn làm bằng thịt lợn sống giã và bì lợn luộc thái nhỏ, bóp với thính","#""Tay cầm bầu rượu nắm nem, Mảng vui quên hết lời em dặn dò."" (Cdao)"
12984,nem,d,nem rán [nói tắt],#ăn bún với nem
12985,nem chạo,d,"món ăn làm bằng bì lợn, thịt hay tôm cá chín tái, thái thành sợi mỏng, trộn với thính và ướp lá ổi",
12986,nem chua,d,"món ăn làm bằng thịt lợn sống giã và bì lợn luộc thái nhỏ, gói bằng lá để cho lên men chua",
12987,nem lụi,d,"món ăn làm bằng thịt lợn xay hoặc giã nhuyễn trộn với gia vị, được vê lại trên đầu que để nướng chín, thường ăn kèm với bánh đa nem và các thứ rau thơm",
12988,nem rán,d,"món ăn làm bằng thịt băm nhỏ hoặc nạc tôm, cua biển, trộn với trứng, miến, rau, gia vị, v.v. cuộn vào bánh đa nem, rán vàng",
12989,nem rế,d,"nem cuốn bằng loại bánh đa xốp, có nhiều sợi nhỏ đan chéo nhau như hình nan rế, rán nhanh giòn",
12990,nem tai,d,"món ăn làm bằng tai lợn luộc thái mỏng, bóp với thính cùng một số gia vị",
13025,nếp,d,"lúa cho gạo hạt to và trắng, nấu chín thì trong và dẻo, thường dùng thổi xôi, làm bánh","#lúa nếp #gạo nếp #""Nhà em bảo ăn cơm nếp khoẻ người ra, và sau này ăn quen nếp thì lại thấy cơm tẻ là lạt lẽo."" (Nguyễn Tuân; 14)"
13029,nếp cái,d,"thứ gạo nếp hạt to, trắng, ăn dẻo",
13030,nếp cẩm,d,"gạo nếp màu tím đen, thường dùng để cất rượu [gọi là rượu cẩm].",
13031,nếp con,d,"thứ gạo nếp hạt nhỏ, không được trắng và ăn không dẻo như nếp cái",
13386,ngô,d,"cây lương thực, thân thẳng, quả có dạng hạt tụ lại thành bắp ở lưng chừng thân, hạt dùng để ăn",#ngô đã ra bắp #râu ngô #chuyện nở như ngô rang
13428,ngũ cốc,d,"năm loại cây có hạt dùng để ăn [kê, đậu, ngô, lúa nếp, lúa tẻ], cũng dùng để gọi chung các loài cây có hạt dùng làm lương thực",
13430,ngũ cúng,d,"năm thứ đồ lễ để cúng Phật [nước, hương, hoa, cơm, đèn], theo tín ngưỡng dân gian","#""Tâng tâng trời mới bình minh, Hương hoa, ngũ cúng, sắm sanh lễ thường."" (TKiều)"
13442,ngũ quả,d,"các thứ hoa quả [ngày trước vốn gồm năm thứ, là chuối tiêu, bưởi (hoặc phật thủ), quýt, nho, táo] được bày chung với nhau trong ngày Tết Nguyên Đán [nói tổng quát]",#mâm ngũ quả
13448,ngũ vị,d,"năm vị: ngọt, chua, đắng, cay, mặn [nói tổng quát]",#mứt ngũ vị
13693,nhà hàng,d,cửa hiệu,#nhà hàng thuốc bắc
13828,nham,d,"món ăn làm bằng hoa chuối hoặc một số loại rau ghém thái nhỏ, trộn với vừng và khế hoặc chanh",
13836,nhãn cùi,d,"nhãn quả có cùi dày, hạt nhỏ; phân biệt với nhãn nước",
13839,nhãn lồng,d,"nhãn quả to, cùi dày, mọng nước và rất ngọt [thường phải đan lồng bao lấy chùm quả ở trên cây để chống dơi và chim chóc phá hại]","#""Chim quyên ăn trái nhãn lồng, Thia thia quen chậu, vợ chồng quen hơi."" (Cdao)"
13843,nhãn nước,d,"nhãn quả nhỏ, cùi mỏng nhưng ngọt nước; phân biệt với nhãn cùi",
13870,nhân,d,bộ phận ở bên trong một số loại hạt,#nhân quả trám #nhân hạt sen #lạc nhân
13871,nhân,d,"phần ở giữa bánh, thường là phần ngon nhất, làm bằng các chất khác với phần ngoài",#mua thịt làm nhân nem #bánh giày nhân đỗ #bánh bao không nhân
14033,nho,d,"cây thân leo, quả tròn mọc thành chùm, khi chín có màu nâu đỏ, thịt mọng nước, vị ngọt, dùng để ăn hay để chế rượu vang",#chùm nho #rượu nho (rượu chế từ nho)
14073,nhu yếu phẩm,d,vật phẩm cần thiết cho đời sống hằng ngày nói chung,"#gạo, vải, giấy, v.v. là những nhu yếu phẩm"
14100,nhút,d,"món ăn làm bằng xơ mít trộn với một vài thức khác, muối chua",
14146,niễng,d,"cây họ lúa, mọc ở nước, củ màu trắng có nhiều đốm đen, ăn được",
14201,nọng,d,"khoanh thịt cắt ra ở cổ gia súc giết thịt [thường là trâu, bò, lợn]",
14288,nộm,d,"món ăn làm bằng rau hoặc củ, quả thái nhỏ, trộn với dấm, đường, vừng, lạc và các gia vị khác",#nộm hoa chuối #nộm ngó sen
14306,nông phẩm,d,"sản phẩm nông nghiệp, như gạo, thịt, trứng, rau, hoa quả, v.v. [nói khái quát]",#thu mua nông sản #nhà máy chế biến nông sản
14309,nông sản,d,"sản phẩm nông nghiệp, như gạo, thịt, trứng, rau, hoa quả, v.v. [nói khái quát]",#thu mua nông sản #nhà máy chế biến nông sản
14353,nục,d,cá nục [nói tắt],"#mắm nục #con nục, con thu"
14420,nước ăn,d,nước dùng cho việc ăn uống hằng ngày,"#bể nước ăn #""Chiếc lu đựng nước bị mảnh đại bác va bể thêm một mảng, chừ phải kê nghiêng để có nước ăn trong nhà."" (Phan Văn Tại; 1)"
14423,nước chấm,d,"dung dịch mặn, chế biến bằng cách hoà các nguyên liệu có nhiều chất đạm, có thêm gia vị, dùng để chấm thức ăn","#pha nước chấm #""Một bát nước chấm vắt chanh, đỏ tươi những lát ớt cắt chéo."" (Bùi Bình Thi; 2)"
14425,nước chè hai,d,"nước mía đun sôi và lọc sạch để làm đường, chưa cô đặc thành mật [trong nghề làm đường thủ công]",
14426,nước cốt,d,"phần nước đậm đặc, tinh tuý nhất do vắt, ép hoặc ngâm, nấu lần đầu mà có",#nước cốt dừa #nước cốt chanh
14431,nước dùng,d,"nước nấu từ thịt, xương, tôm để chan vào các món ăn như phở, bún, v.v.",#nồi nước dùng #phở chan nước dùng
14436,nước gạo,d,"nước vo gạo, màu trắng đục, thường được chứa cùng với cơm thừa, canh cặn, v.v., dùng để nuôi lợn",#đi xin nước gạo #thùng nước gạo
14440,nước hàng,d,"đường được đun cháy rồi cho thêm một ít nước vào, có màu nâu sẫm, dùng để cho vào đồ kho nấu cho thơm và có màu",#thắng nước hàng #kho cá nhớ cho thêm một ít nước hàng
14445,nước lạnh,d,nước lã,#đau bụng vì uống nước lạnh
14446,nước lèo,d,nước dùng,"#nồi nước lèo #""(...) hắn mời cô Hậu ra chợ huyện ăn bún nước lèo, uống nước xá xị."" (Hồ Tĩnh Tâm; 1)"
14447,nước lọc,d,nước lã đã qua khâu lắng lọc và khử trùng để dùng trong sinh hoạt,#nấu ăn bằng nước lọc #bể nước lọc
14448,nước lọc,d,"nước đã được đun sôi, thường để nguội, dùng để uống",#uống một cốc nước lọc
14451,nước màu,d,nước hàng,#thắng nước màu
14453,nước mắm,d,"dung dịch mặn, có vị ngọt đậm, được chế biến từ cá muối, dùng để chấm hoặc nêm thức ăn","#""Trai tơ lấy phải nạ dòng, Như nước mắm thối chấm lòng lợn thiu."" (Cdao)"
14454,nước mắm nhỉ,d,"nước mắm từ thùng cá muối chảy ra từng giọt, loại rất ngon",
14465,nước ngọt,d,"nước giải khát có vị ngọt, nói chung",#mua mấy lon nước ngọt #nhà máy sản xuất bia và nước ngọt
14476,nước sạch,d,"nước không bị nhiễm bẩn và các chất độc hại, dùng cho đời sống sinh hoạt của con người",#nguồn nước sạch #người dân được dùng nước sạch #chương trình nước sạch ở nông thôn
14481,nước trắng,d,"nước đun sôi để uống; phân biệt với nước trà, nước chè",#uống thuốc với nước trắng
14482,nước xáo,d,"nước luộc thịt, luộc lòng",#nước xuýt gà #nồi nước xuýt
14483,nước xốt,d,"nước chấm có dạng sền sệt, dùng để chấm hoặc rưới lên trên một số món ăn",#nước xốt cà chua #bánh mì rưới nước xốt
14484,nước xuýt,d,"nước luộc thịt, luộc lòng",#nước xuýt gà #nồi nước xuýt
14502,oản,d,"xôi hoặc bột bánh khảo được nén chặt vào khuôn, đóng thành khối nhỏ hình nón cụt để cúng",#đóng oản #khư khư như từ giữ oản (tng)
14516,óc đậu,d,thức ăn làm bằng bột đậu nành không đóng thành khuôn như đậu phụ,
14517,óc đậu,d,món ăn làm bằng trứng gà bao bột mì và rán giòn,
14546,ô mai,d,"quả mơ ướp đường hoặc muối rồi phơi khô, để ăn hoặc làm thuốc; cũng dùng để chỉ một số loại quả được chế biến theo cách đó",#ô mai mơ #làm ô mai sấu
14563,ổ,d,chiếc [bánh mì],#mua thêm một ổ bánh mì
14587,ốc hương,d,"ốc biển tròn và nhỏ, vỏ trắng có vệt nâu, thịt thơm",
14595,ổi trâu,d,ổi quả to,
14656,ốp lết,d,"món ăn làm bằng trứng để nguyên lòng trắng, lòng đỏ, rán chín tới",#bánh mì ốp lết (bánh mì ăn với trứng ốp lết)
14663,ớt,d,"cây nhỏ cùng họ với cà, hoa trắng, quả chín có màu đỏ hay vàng, vị cay, dùng làm gia vị",
14664,ớt bị,d,"ớt quả to, màu đỏ hay vàng",
14665,ớt cà chua,d,"ớt quả tròn, trông giống quả cà chua, ít cay",
14666,ớt chỉ thiên,d,"ớt quả nhỏ, mọc chỉ thẳng lên, vị rất cay",
14667,ớt hiểm,d,ớt chỉ thiên,
14668,ớt ngọt,d,"ớt quả to, màu đỏ hoặc xanh lục, không cay, thường dùng để xào",
14735,phao câu,d,mẩu thịt có mỡ và xương mềm ở cuống đuôi các loài chim [thường là các loại gia cầm],
14803,phẩm,d,từ dùng để chỉ từng đơn vị chiếc oản dùng để cúng,"#""Oản dâng trước mặt dăm ba phẩm, Vãi mọp sau lưng sáu bảy bà."" (Hồ Xuân Hương; 32)"
14826,phân chuồng,d,"phân gia súc có lẫn nước giải và rác độn được lấy từ chuồng của vật nuôi ra, ủ làm phân bón, dùng để bón cây",#bón phân chuồng #ủ phân chuồng
14853,phân rác,d,"phân bón chế biến từ cỏ, rác và sản phẩm thừa trong nông nghiệp",
14860,phân tươi,d,"phân người hoặc phân súc vật không ủ, dùng bón cây",
14925,phèo,d,ruột non,"#phèo lợn #đâm cho lòi phèo #""Tôi chạy lên ô xem có cái phèo bò nào mua một cái để về nấu cháo (...)"" (Nguyễn Đình Lạp; 2)"
15044,pho mát,d,"món ăn chế biến từ sữa, có dạng khối rắn hoặc dẻo",
15055,phó mát,d,"món ăn chế biến từ sữa, có dạng khối rắn hoặc dẻo",
15132,phô mai,d,pho mát,
15160,phồng tôm,d,bánh phồng tôm [nói tắt],#rán phồng tôm #mua mấy gói phồng tôm
15166,phở,d,"món ăn gồm bánh phở thái nhỏ và thịt thái mỏng, chan nước dùng hoặc xào khô",#bát phở bốc khói nghi ngút #phở xào giòn
15331,quà,d,thức mua để ăn thêm ngoài bữa chính,"#mua quà sáng #""Con gà mà gáy o o, Chửa đi đến chợ đã lo ăn quà."" (Cdao)"
15333,quà bánh,d,"bánh trái để ăn thêm, ngoài bữa chính","#""Lấy chồng rồi cô tôi vẫn đi lại nhà tôi luôn, lúc nào cũng có quà bánh, hoa quả cho tôi như cũ."" (Thanh Châu; 1)"
15523,quân lương,d,lương thực của quân đội,#chuẩn bị đầy đủ quân lương
15597,quẩy,d,"món ăn làm bằng bột mì vắt thành thỏi dài, rán phồng",
15603,quéo,d,"cây ăn quả cùng loại với xoài, hoa mọc thành chùm ở đầu cành, quả giống quả xoài, nhưng nhỏ hơn, vị chua",
15613,quết trầu,d,nước màu đỏ ứa ra khi ăn trầu,#nhổ quết trầu
15615,qui bản,d,"yếm rùa, dùng để nấu cao",#cao quy bản
15649,quít,d,"cây ăn quả cùng họ với cam, lá nhỏ, quả tròn, vỏ mỏng và dễ bóc",
15670,quốc lủi,d,"rượu gạo nấu bằng phương pháp thủ công, có màu trong suốt, nồng độ cao [thời Pháp thuộc thường phải nấu lậu]",#mua một chai quốc lủi
15795,quỳnh tương,d,rượu ngon,"#""Dây tơ hồng chưa xe đã mắc, Rượu quỳnh tương chưa nhắp đã say."" (Cdao)"
15796,quýt,d,"cây ăn quả cùng họ với cam, lá nhỏ, quả tròn, vỏ mỏng và dễ bóc",
15810,ram,d,nem rán,#quấn ram
15833,rau,d,"tên gọi chung các thứ cây, thường thuộc loại thân cỏ, có thể dùng làm thức ăn cho người","#luống rau #cuốc đất trồng rau #đói ăn rau, đau uống thuốc (tng)"
15835,rau cháo,d,thức ăn thường ngày của những người nghèo khổ [nói khái quát],"#""Tháng ngày rau cháo xin quanh, Nuôi con mong đợi lớn cành đỡ cây."" (TS) #""Hai nhà góp gạo thổi cơm chung, rau cháo no đói có nhau, thân hơn người nhà."" (Vũ Trọng Phụng; 4)"
15836,rau cỏ,d,các thứ rau ăn [nói khái quát],"#ở vùng này, rau cỏ rất hiếm"
15839,rau dưa,d,thức ăn chỉ có rau và dưa; dùng để nói về cảnh ăn uống rất đạm bạc,"#cơm rau dưa #""Hay chi sãi vãi ở chùa, Rau dưa khổ hạnh bo bo tháng ngày."" (BCB)"
15845,rau má,d,"cây thân cỏ, bò lan trên mặt đất, phiến lá tròn có khía tai bèo, cuống lá dài, dùng làm rau ăn hoặc làm thuốc",
15846,rau màu,d,"rau và hoa màu, dùng làm lương thực phụ [nói khái quát]",#tăng diện tích rau màu #thu hoạch rau màu
15854,rau sạch,d,"rau không chứa các yếu tố có thể gây ra tác động có hại đến sức khoẻ, do được tưới, bón, chăm sóc theo đúng tiêu chuẩn quy định",#cửa hàng rau sạch #vùng chuyên trồng rau sạch
15857,rau sống,d,"rau chỉ dùng để ăn sống, như xà lách, rau diếp, mùi, rau thơm, v.v. nói chung",
15859,rau thơm,d,"tên gọi chung các thứ rau có mùi thơm dùng làm gia vị, như húng, mùi, v.v.",
15863,răm,d,rau răm [nói tắt],#mua một ít hành răm
15904,ré,d,"thứ lúa mùa hạt nhỏ, nấu ngon cơm",#cơm gạo ré
15914,rê,d,"bánh [thuốc lào, thuốc lá sợi]",#mua mấy rê thuốc để hút dần
15921,rễ củ,d,"rễ phồng to lên thành củ, chứa nhiều chất dinh dưỡng dự trữ, như ở cây khoai lang, cây cà rốt, v.v.",
15939,riêu,d,món canh nấu bằng cua hoặc cá với chất chua và gia vị,#cá nấu riêu #riêu cua #thích ăn bún riêu
15997,rum,d,"rượu mạnh, cất bằng mật mía",#mua một chai rum
16000,ruốc,d,loại mắm làm từ con ruốc để ngấu,#mắm ruốc
16001,ruốc,d,"món ăn làm bằng thịt nạc, cá hoặc tôm luộc, rim với nước mắm rồi giã nhỏ và rang khô",#ruốc thịt #giã ruốc
16002,ruốc bông,d,"ruốc làm bằng thịt nạc, tơi như bông","#""Đức Chinh khẽ vâng một tiếng. Rồi hắn lấy thịt kho, ruốc bông để ăn kèm với bánh giò, cơm nắm."" (Ngô Tất Tố; 3)"
16047,rượu,d,"chất lỏng, vị cay nồng, thường cất từ chất bột hoặc trái cây đã ủ men",#say rượu #không biết uống rượu #cất rượu #men rượu
16049,rượu bia,d,bia,"#""Mười lăm phút sau thấy thằng nhỏ bưng một khay có hai cốc rượu bia lên bao lan."" (Vũ Trọng Phụng; 15)"
16050,rượu bia,d,rượu và bia [nói khái quát],"#""(...) ông cứ ấp a ấp úng mãi khiến ban tổ chức phải lấp lỗ trống bằng cách cho đem rượu bia, bánh trái ra."" (Lê Văn Thảo; 12)"
16051,rượu cẩm,d,"rượu cất bằng gạo cẩm, có màu tím sẫm, mùi thơm",
16052,rượu cần,d,"rượu đựng trong hũ, khi uống thì dùng cần để hút, theo phong tục của một số dân tộc miền núi",
16053,rượu chát,d,rượu vang,
16054,rượu chổi,d,"rượu cất bằng cây chổi, dùng để xoa bóp",
16056,rượu đế,d,rượu trắng,"#""(...) tôi đang còn đói, món gì mà chẳng ngon, có dè đâu lại được cái món ngon tuyệt vời này với rượu đế."" (Nguyễn Quang Sáng; 10)"
16057,rượu lậu,d,"rượu do dân tự cất bằng gạo, có nồng độ cao [trước đây thường phải nấu lậu, do bị cấm]","#""(...) quan trên rầy la về trong huyện có nhiều người nấu rượu lậu quá, đến nỗi rượu ty ế ẩm (...)"" (Vũ Trọng Phụng; 15)"
16058,rượu mạnh,d,tên gọi chung các loại rượu có nồng độ cao,
16059,rượu mùi,d,"rượu pha chế với đường và tinh dầu thơm của các trái cây, thường có màu",
16060,rượu nếp,d,"rượu làm bằng cơm nếp ủ với men, ăn cả cái lẫn nước",
16061,rượu nếp,d,rượu được cất từ gạo nếp,#chai rượu nếp
16062,rượu ngang,d,"rượu do tư nhân làm trốn thuế, có nồng độ cao","#""(...) thỉnh thoảng có phiên chợ mà gặp một hàng thịt bò thế nào ông tôi cũng mua được dăm hào với chai rượu ngang mời ông lý Vọng đến đánh chén."" (Mạnh Phú Tư; 1)"
16063,rượu ngọn,d,rượu cất từ nước thứ nhất,
16064,rượu ngọt,d,tên gọi chung các loại rượu có nồng độ thấp và vị ngọt,
16065,rượu tăm,d,"rượu có nồng độ cao, ngon, khi rót ra thường sủi tăm",
16066,rượu thuốc,d,"rượu có ngâm các vị thuốc đông y, dùng để uống hoặc xoa bóp",
16067,rượu trắng,d,"rượu cất từ gạo theo lối thủ công truyền thống, thường trong suốt và có nồng độ cao","#mua mấy lít rượu trắng về ngâm thuốc #""Vợ chồng Pha ở chợ về, với một con gà, nửa chai rượu trắng."" (Nguyễn Công Hoan; 4)"
16068,rượu vang,d,rượu chế bằng nước của quả nho ép và để cho lên men,#rượu vang đỏ #rượu vang trắng
16069,rượu vang,d,rượu chế bằng nước các loại quả ép và để cho lên men,
16075,sa lát,d,"món ăn làm bằng các loại rau củ, thường để sống, trộn lẫn với một số gia vị",#thái dưa chuột để trộn sa lát #món sa lát Nga
16090,sách,d,dạ lá sách [nói tắt],#sách bò xào khế
16249,sặt,d,cá sặt [nói tắt],#mắm sặt #khô sặt
16252,sâm banh,d,"rượu vang trắng, có nhiều bọt, thường dùng để chúc tụng trong các dịp vui mừng","#uống sâm banh #""Buổi khánh thành cái sân quần riêng của bà Phó Đoan (...) cũng có tiệc trà, có rượu sâm banh (...)"" (Vũ Trọng Phụng; 13)"
16277,sấn,d,"phần thịt có nạc nằm trên mỡ phần ở lưng, mông và vai lợn",#thịt sấn #mông sấn
16297,sầu riêng,d,"cây ăn quả cùng họ với cây gạo, quả có gai to, vị ngọt, nồng và béo, có mùi thơm rất đặc biệt",
16405,sinh tố,d,vitamin,#loại trái cây chứa nhiều sinh tố A
16406,sinh tố,d,chất chứa nhiều vitamin,#nước sinh tố #sinh tố xoài #máy xay sinh tố
16420,sỏ,d,thủ,#thịt sỏ #cái sỏ lợn
16630,sơn hào,d,thức ăn quý chế biến bằng sản phẩm lấy ở rừng núi,
16649,su sê,d,"bánh làm bằng bột nếp lọc trong và quánh, màu hổ phách, có nhân đường hoặc nhân đậu xanh",
16650,su su,d,"cây thân leo cùng họ với bầu, quả màu lục nhạt, hình quả lê, ngoài mặt có gai mềm, dùng làm thức ăn",
16657,súc sản,d,sản phẩm thịt gia súc,#hàng súc sản #công ti xuất khẩu súc sản
16689,súp lơ,d,"cải có hoa non mọc tập trung thành một khối nạc, màu trắng, dùng làm rau ăn",
16691,suy dinh dưỡng,d,"trạng thái sự dinh dưỡng không thoả mãn yêu cầu phát triển của cơ thể, thường do ăn uống không đầy đủ",
16784,sữa,d,chất lỏng màu trắng đục do tuyến vú của phụ nữ hoặc động vật có vú giống cái tiết ra để nuôi con,#vắt sữa bò #cho trẻ bú sữa mẹ
16785,sữa,d,chất đặc có màu trắng đục trong hạt ngũ cốc non,#lúa đang kì ngậm sữa
16786,sữa chua,d,"sữa được kết tủa do một loại men đặc biệt, vị hơi chua",
16787,sữa đậu nành,d,"thức ăn lỏng, màu trắng đục như sữa, làm bằng đậu nành xay với nước và đun sôi",
16789,sữa tươi,d,"sữa bò nguyên chất được tiệt trùng, không qua khâu chế biến",
16973,tám,d,"tên gọi chung một số giống lúa tẻ, gạo hạt nhỏ và dài, cơm có mùi thơm, ngon",#gạo tám #cơm tám
16977,tám thơm,d,"giống lúa cho thứ gạo hạt nhỏ, thon và dài, màu trắng xanh, cơm có mùi thơm đặc biệt",
16978,tám xoan,d,"giống lúa cho thứ gạo hạt nhỏ, trắng, cơm rất dẻo và thơm [nhưng không bằng tám thơm]",
17040,tào phở,d,"món ăn có nguồn gốc từ Trung Quốc, chế biến từ đậu nành, có dạng đông sền sệt, khi ăn pha với nước đường",
17042,táo,d,"cây ăn quả, hoa thường màu trắng, quả tròn, da nhẵn, thịt mềm, có nhiều giống khác nhau",
17045,táo ta,d,"táo cây to, cành có nhiều gai, quả khi chín màu lục vàng, da nhẵn, ăn có vị hơi chua, nhân hạt dùng làm thuốc; phân biệt với táo tàu, táo tây",
17046,táo tàu,d,"táo cùng loại với táo ta, quả khi khô nhăn nhúm, màu đen, dùng để ăn và làm thuốc; phân biệt với táo ta, táo tây",
17047,táo tây,d,"táo cùng họ với đào, lê, quả to, da nhẵn, khi chín có vỏ màu đỏ hoặc vàng lục, thịt hơi xốp, vị ngọt; phân biệt với táo ta, táo tàu",
17060,tạp hoá,d,"hàng hoá lặt vặt, thường dùng hằng ngày","#cửa hàng tạp hoá #""(...) ở đấy có một cửa hiệu nhỏ bán tạp hoá, giấy bút học trò và một ít sách báo."" (Nguyễn Kiên; 15)"
17091,tàu hũ,d,1 đậu phụ,#món tàu hũ nhồi thịt
17092,tàu hũ,d,tào phở,#tàu hũ đá (tàu hũ có bỏ nước đá)
17252,tấm,d,"mảnh vỡ nhỏ của hạt gạo do xay, giã","#""Đói no một vợ một chồng, Một niêu cơm tấm, dầu lòng ăn chơi."" (Cdao)"
17337,tẻ,d,"giống lúa cho thứ gạo hạt nhỏ và dài, khi nấu có ít nhựa, thường dùng để thổi cơm ăn hằng ngày","#thóc tẻ #""Đói thì thèm thịt, thèm xôi, Hễ no cơm tẻ, thì thôi mọi đường."" (Cdao)"
17349,tép,d,sợi nhỏ mọng nước trong múi của một số quả,#tép bưởi
17350,tép,d,nhánh nhỏ,#bóc mấy tép tỏi
17415,thạch,d,"chất keo được chiết từ rau câu hoặc cùi dừa, dùng làm đồ giải khát hoặc dùng trong công nghiệp",
17542,thanh long,d,"cây cùng họ với xương rồng, thân ba góc, hoa màu trắng, quả chín có vỏ màu đỏ, thịt trắng, có nhiều hạt nhỏ màu đen trông như hạt vừng, vị mát, ngọt dịu",
17543,thanh mai,d,dâu rượu,#rượu thanh mai
17556,thanh trà,d,"bưởi quả nhỏ, ăn ngọt và thơm, có nhiều ở Huế",
17619,thánh thể,d,"[thường viết hoa] bánh và rượu nho, tượng trưng cho mình và máu của Chúa Jesus trong lễ Tạ ơn [lễ Thánh Thể] của người theo đạo Kitô",
17649,thăn,d,phần thịt toàn nạc được lọc ra ở phần lưng của súc vật khi mổ thịt,#miếng thăn lợn #thịt thăn
17965,thị,d,"cây ăn quả, hoa màu trắng, quả tròn và mọng, khi chín màu vàng, có mùi rất thơm",
18129,thính,d,"bột làm bằng gạo hoặc ngô rang giã nhỏ, có mùi thơm, thường dùng để chế biến thức ăn [làm mắm, trộn nem, v.v.]",#nem tôm trộn thính #mắm thính (mắm có pha thính)
18130,thính,d,"cám rang, thường dùng để làm mồi nhử tôm cá hoặc có thể dùng để ăn thay cho cơm gạo trong lúc đói kém","#ăn thính thay cơm #""Gã nhúm một ít thính rang, vung xuống mặt nước."" (Nguyễn Kiên; 15)"
18136,thịt,d,"phần mềm có thớ, bọc quanh xương trong cơ thể người và động vật","#đĩa thịt bò xào #hàng thịt nguýt hàng cá (tng) #""Trông anh đã có da có thịt, đã lại người được nhiều rồi đây."" (Bùi Bình Thi; 3)"
18137,thịt,d,phần chính ở bên trong lớp vỏ của quả hay vỏ của thân cây,"#giống xoài cát có quả cho thịt thơm và ngọt #vàng tâm là loại gỗ thịt vàng, thớ mịn"
18138,thịt thà,d,thịt để ăn [nói khái quát],"#mâm cơm đạm bạc, không có thịt thà gì"
18161,thóc,d,hạt lúa còn nguyên cả vỏ trấu,"#""Muốn no thì phải chăm làm, Một hạt thóc vàng, chín giọt mồ hôi."" (Cdao)"
18162,thóc gạo,d,"thóc và gạo, về mặt là lương thực chủ yếu [nói khái quát]",#thóc gạo đầy nhà #tích trữ thóc gạo
18163,thóc lúa,d,thóc [nói khái quát],#thóc lúa đầy bồ
18354,thơm,d,dứa,"#""Thân em như trái thơm non, Dầu moi hết ruột, hãy còn lớp da."" (Cdao)"
18362,thu hoạch,d,"tổng thể nói chung những sản phẩm thu hoạch được, những gì làm ra được bằng lao động sản xuất nông nghiệp","#giống lúa mới cho thu hoạch cao #""Sau khi đánh lưới, những thuyền chưa về vội, ghé vào những cửa lạch lân cận bán một phần thu hoạch."" (Bùi Hiển; 15)"
18376,thủ,d,đầu của gia súc đã giết thịt [thường nói về đầu lợn],#thịt thủ #giò thủ
18437,thục,d,thục địa [nói tắt],#mua thục về ngâm rượu
18479,thuốc chén,d,thuốc đông y chế bằng cách sắc dược liệu với nước để uống,"#""Nó mắc chứng sốt rét cách nhật. Ông Nhiêu không mời thầy lang, mà cũng không cắt thuốc chén."" (Tô Hoài; 34)"
18480,thuốc cốm,d,thuốc ở dạng hạt như hạt cốm rang,
18489,thuốc lá,d,"thuốc hút được chế biến từ cây thuốc lá, thường được quấn thành điếu",#bao thuốc lá #hút thuốc lá có hại cho sức khoẻ
18563,thuỷ sản,d,"sản vật ở dưới nước, có giá trị kinh tế như cá, tôm, hải sâm, rau câu, v.v. [nói khái quát]",#khai thác và đánh bắt thuỷ sản
18709,thức,d,"thứ, món, loại, nói chung [thường nói về đồ ăn uống]","#đồ ăn thức uống #mùa nào thức ấy #""Trong phiên chợ tết (...) những hàng được bày nhiều nhất trong mọi gian, phần nhiều lại là những thức xa xỉ."" (Nguyễn Tuân; 32)"
18711,thức ăn,d,"thứ có chứa chất dinh dưỡng và có thể tiêu hoá được, dùng để nuôi sống con người và động vật, nói chung",#chế biến thức ăn #cỏ là nguồn thức ăn chính của trâu bò
18712,thức ăn,d,"các thứ dùng để ăn với cơm, thường là cá, thịt, v.v., nói chung","#ăn vã thức ăn #""Bữa cơm có nhiều thức ăn. Hai đứa ăn có vẻ ngon lành lắm."" (Anh Đức; 20)"
18713,thức ăn hỗn hợp,d,"thức ăn dành cho vật nuôi, gồm nhiều thành phần và sản xuất theo một quy trình nhất định",
18714,thức ăn thô,d,"thức ăn dành cho vật nuôi, hầu như không qua chế biến, chứa nhiều chất xơ, chất nước, giá trị dinh dưỡng thấp",
18715,thức ăn tinh,d,"thức ăn dành cho vật nuôi, đã qua chế biến và có giá trị dinh dưỡng cao",
18716,thức ăn ủ,d,"thức ăn dành cho vật nuôi, được ủ trong một môi trường nhất định nhằm giữ được tính chất dinh dưỡng như khi còn tươi",
18725,thực đơn,d,bản liệt kê các món ăn có trong nhà hàng hoặc trong một bữa tiệc,#lên thực đơn cho bữa tiệc #thực đơn của nhà hàng rất phong phú
18732,thực phẩm,d,"các thứ dùng để chế biến thành món ăn, như thịt, cá, trứng, v.v. [nói khái quát]; phân biệt với lương thực",#bảo quản thực phẩm #nhà máy chế biến thực phẩm
18919,tích,d,ấm tích [nói tắt],#hãm một tích chè xanh
18933,tiệc,d,"bữa ăn đặc biệt có nhiều món ngon và có đông người dự, nhân một dịp vui mừng",#tiệc sinh nhật #dự buổi tiệc cưới #mở tiệc mừng nhà mới
18934,tiệc đứng,d,"tiệc không sắp chỗ ngồi theo từng bàn, thức ăn đồ uống được để tập trung một nơi cho khách tự phục vụ, vừa ăn vừa tự do đi lại trò chuyện, giao tiếp",#tổ chức tiệc đứng
18935,tiệc mặn,d,tiệc có cơm và các món ăn mặn,
19071,tiết,d,"máu của một số loài động vật có xương sống, được dùng làm món ăn",#tiết lợn #tiết vịt #cắt tiết gà
19079,tiết canh,d,"món ăn làm bằng tiết sống trộn với gan, sụn, v.v. đã được luộc chín băm nhỏ cùng với các loại gia vị, để cho đông lại",#tiết canh ngan #đánh tiết canh
19092,tiêu,d,hồ tiêu [nói tắt],"#rắc tiêu vào bát phở #""Hạt tiêu bé nhỏ nó cay, Đồng tiền nó bé, nó hay cửa quyền."" (Cdao)"
19111,tiêu sọ,d,hạt tiêu già đã được tách bỏ lớp vỏ đen,
19139,tiểu hổ,d,"mèo, về mặt thịt ăn được và ngon",#món tiểu hổ #quán tiểu hổ
19151,tiểu mạch,d,lúa mì,
19164,tiểu táo,d,"chế độ ăn của cán bộ cao cấp trong quân đội; phân biệt với trung táo, đại táo",
19190,tim,d,tâm [sen],#tim sen có vị đắng
19435,tỏi,d,"cây thân cỏ, củ có nhiều nhánh, vị cay, mùi hăng, dùng làm gia vị và làm thuốc",#nước mắm tỏi
19436,tỏi gà,d,đùi gà chặt ra [giống hình củ tỏi],"#""Lân nốc luôn mấy chén rượu, rồi cầm cả cái tỏi gà gậm nhá (...)"" (Nguyễn Huy Tưởng; 2)"
19446,tóp mỡ,d,"phần còn lại của miếng mỡ lợn [bị tóp lại], sau khi đã rán lấy mỡ","#""Bữa ăn thật là ngon: cơm nếp còn nóng với mắm lóc chưng, có hành, tiêu và tóp mỡ."" (Trần Thanh Giao; 3)"
19528,tôm,d,"tép [bưởi, cam, chanh, v.v.]",
19529,tôm bông,d,"ruốc làm bằng tôm, tơi như bông",
19690,tợp,d,lượng chất lỏng trong miệng mỗi lần uống,#ngụm rượu #ngụm nước #uống từng ngụm nhỏ
19691,trà,d,"búp hoặc lá cây chè đã sao, đã chế biến, để pha nước uống",#pha trà #uống trà #trà sen (trà ướp hương sen)
19695,trà đạo,d,"triết lí, nghệ thuật uống và thưởng thức trà đã đạt đến đỉnh cao [ở một số nước phương Đông]","#nghi lễ trà đạo #""Những người uống trà đúng cách thức trà đạo như cụ ấm bao giờ cũng có ít ra là hai ấm đồng đun nước."" (Nguyễn Tuân; 7)"
19717,trái,d,1 quả,"#trái dừa #cây ăn trái #trái lựu đạn #trái núi #""Chim quyên ăn trái nhãn lồng, Thia thia quen chậu, vợ chồng quen hơi."" (Cdao)"
19720,trái cây,d,hoa quả,#giỏ trái cây #nước ép trái cây #kẹo trái cây
19766,tràng,d,"dạ con của một số động vật, về mặt là thực phẩm",#tràng lợn luộc
19870,trân châu,d,"bột sắn viên tròn, sấy khô, dùng làm thức ăn, khi nấu chín thì trong suốt như hạt ngọc",
19907,trầu,d,"lá trầu đã têm, dùng để nhai cùng với cau cho thơm miệng, đỏ môi","#ăn trầu #nước cốt trầu #miếng trầu là đầu câu chuyện (tng) #""Gió hương đưa khách tới đây, Trầu têm cánh phượng hai tay nâng mời."" (Cdao)"
20038,tròng đỏ,d,"bộ phận giữa quả trứng, màu đỏ vàng",#lòng đỏ trứng gà
20102,trốt,d,"[quả] có hạt to, cùi mỏng và dính vào hạt",#nhãn đầu mùa còn trơ
20200,trung táo,d,"chế độ ăn uống của cán bộ trung cấp trong quân đội; phân biệt với đại táo, tiểu táo",#ăn trung táo
20274,trứng,d,trứng gà hoặc trứng vịt [nói tắt],#rán trứng #chưng trứng #mua một chục trứng
20278,trứng lộn,d,"trứng [thường là trứng vịt] đã ấp dở, bắt đầu thành hình con, dùng để làm món ăn",#mua hai quả trứng lộn
20371,tù và,d,"dạ dày ếch, dùng làm món ăn",
20743,tương,d,"nước chấm, làm từ gạo nếp [hoặc ngô], đậu nành và muối","#cá kho tương #nát như tương #""Anh đi anh nhớ quê nhà, Nhớ canh rau muống nhớ cà dầm tương."" (Cdao)"
20748,tương ớt,d,"ớt nghiền nhỏ, nhuyễn như tương",
20781,tửu,d,rượu,"#""Có, tôi nhận có lần nhân vui câu chuyện, lại thêm tí tửu vào, tôi có nói (...)"" (Bùi Hiển; 4)"
20924,vải thiều,d,"vải có hạt nhỏ, cùi dày và ngọt",
20962,vang,d,rượu vang [nói tắt],#vang trắng #vang đỏ
21094,vằn thắn,d,"món ăn làm bằng thịt giã hoặc băm nhỏ bao trong bột, ăn với nước dùng",#mì mằn thắn
21099,vắt,d,"lượng cơm, xôi được tạo thành nắm",#vắt cơm #đem theo một vắt xôi phòng lúc đói dọc đường
21188,vây,d,món ăn làm bằng sợi lấy ở vây một số loài cá biển,
21302,vị giác,d,"cảm giác nhận biết được các vị [như mặn, ngọt, chua, cay, ...] của thức ăn",
21368,vịm,d,liễn,"#""Bà Cà Xợi xé gà xếp vun hai vịm nhỏ, đâm muối ớt và rắc chuối cây trộn ghém."" (Anh Đức; 16)"
21665,xa bô chê,d,hồng xiêm,
21716,xá xị,d,"nước giải khát mùi thơm, vị ngọt",#uống xá xị #chai nước ngọt xá xị
21718,xá xíu,d,món ăn làm bằng thịt lợn nạc ướp mắm muối hoặc xì dầu và húng lìu rồi đem nướng chín,
21828,xi rô,d,nước đường có pha thuốc hoặc nước hoa quả để làm dược phẩm hoặc đồ giải khát,
21831,xì dầu,d,"nước chấm màu nâu đen, thường làm từ bã của lạc, đậu tương sau khi đã ép lấy dầu",
21862,xíu mại,d,món ăn làm bằng thịt băm hấp chín,
21866,xoài,d,"cây ăn quả, lá to hình thuôn mũi mác, quả hình bầu dục chứa một hạt to bên trong, thịt quả thường có màu vàng, vị ngọt và thơm","#""Chim xanh ăn trái xoài xanh, Ăn no tắm mát đậu nhành dâu gia."" (Cdao)"
21867,xoài cát,d,"xoài quả to tròn, mỏng vỏ, thịt dày và thơm",
21868,xoài cơm,d,"xoài quả nhỏ và tròn, hạt to, thịt trong và thơm",
21869,xoài quéo,d,"xoài quả nhỏ, đầu nhọn và cong lại, thịt không được ngon",
21870,xoài thanh ca,d,"xoài quả dài, đầu hơi cong lại, thịt thơm ngon",
21871,xoài tượng,d,"xoài quả rất to và mập, nhiều thịt, hạt nhỏ và lép, thường ăn lúc còn xanh",
21872,xoài voi,d,"xoài quả hơi tròn, hạt to, thịt trắng và thơm ngon",
21899,xôi,d,món ăn bằng gạo nếp đồ chín,#đồ xôi #một nắm xôi
21900,xôi gấc,d,"xôi nấu trộn với ruột gấc, màu đỏ, vị hơi ngọt",#ăn mày đòi xôi gấc (tng)
21901,xôi lúa,d,"xôi nấu trộn với đậu xanh chín giã nhỏ, có hành mỡ",
21902,xôi ngô,d,"xôi nấu trộn với ngô nếp, thường rắc thêm đậu xanh chín giã nhỏ",
21903,xôi thịt,d,"xôi và thịt [nói khái quát]; dùng để chỉ tệ ăn uống, chè chén trong các dịp đình đám hoặc để tranh giành ngôi thứ của cường hào ở nông thôn thời trước",#nạn xôi thịt
21904,xôi vò,d,xôi nấu rồi trộn đều với đậu xanh chín giã nhỏ,
21905,xôi xéo,d,"xôi nấu trộn với đậu xanh chín giã nhỏ, có hành mỡ",
21908,xốt,d,nước xốt [nói tắt],#bánh mì ăn với xốt cà chua
21909,xốt vang,d,món ăn nấu bằng thịt bò có gia ít rượu,#bánh mì xốt vang
21920,xu xoa,d,thạch,#xu xoa được chế biến từ rong biển
21942,xúc xích,d,món ăn làm bằng ruột lợn nhồi thịt xay nhỏ rồi hun khói và luộc nhỏ lửa,#bánh mì ăn với xúc xích
21958,xúp,d,"món ăn lỏng kiểu Âu, nấu bằng thịt hoặc cá với rau, đậu, có thêm gia vị, thường dùng làm món khai vị",#món xúp gà #xúp khoai tây
22067,yến,d,yến sào [nói tắt],
22069,yến,d,tiệc lớn [thường chỉ tiệc do vua thết đãi thời xưa],"#ăn yến #vua ban yến #được dự yến trong cung #""Chơi hoa thưởng nguyệt Trường An, Trong ngoài đãi yến rỡ ràng công danh."" (TKCT)"
22073,yến ẩm,d,tiệc tùng linh đình,"#""Rước tiên về nơi cung tần, Đặt bày yến ẩm vang lừng mọi nơi."" (CC)"
22075,yến sào,d,"tổ chim yến, dùng làm món ăn quý",
1000000,ấm tích,d,,
1000001,bã,d,,
1000002,bạch đậu khấu,d,,
1000003,bản,d,,
1000004,bánh ngọt,d,,
1000005,bánh và rượu nho,d,,
1000006,bí,d,,
1000007,bì lợn,d,,
1000008,bò,d,,
1000009,bong bóng,d,,
1000010,bộ phận,d,,
1000011,bột gia vị,d,,
1000012,bột sắn,d,,
1000013,búp hoặc lá cây chè,d,,
1000014,bữa ăn,d,,
1000015,bữa cơm,d,,
1000016,bữa tiệc,d,,
1000017,bưởi,d,,
1000018,cá,d,,
1000019,các thứ,d,,
1000020,cải,d,,
1000021,cái ăn,d,,
1000022,cảm giác,d,,
1000023,cam quả,d,,
1000024,cẳng chân,d,,
1000025,cây,d,,
1000026,cây ăn quả,d,,
1000027,cây bụi,d,,
1000028,cây leo,d,,
1000029,cây lương thực,d,,
1000030,cây trồng,d,,
1000031,"cây, quả",d,,
1000032,cỏ,d,,
1000033,con cúi,d,,
1000034,củ,d,,
1000035,cua,d,,
1000036,cua biển,d,,
1000037,cùi nhãn,d,,
1000038,cụm quả chuối,d,,
1000039,cửa hiệu,d,,
1000040,chăn nuôi,d,,
1000041,chân lợn,d,,
1000042,chất,d,,
1000043,chất béo,d,,
1000044,chất bột,d,,
1000045,chất chua,d,,
1000046,chất keo,d,,
1000047,chất lỏng,d,,
1000048,chế độ ăn,d,,
1000049,chế độ ăn uống,d,,
1000050,chó,d,,
1000051,chuối,d,,
1000052,da,d,,
1000053,dạ con,d,,
1000054,dạ dày ếch,d,,
1000055,dạ lá sách,d,,
1000056,dầu,d,,
1000057,dòi,d,,
1000058,dung dịch,d,,
1000059,dừa,d,,
1000060,dứa,d,,
1000061,đầu,d,,
1000062,đậu quả,d,,
1000063,đoạn,d,,
1000064,đòng đòng,d,,
1000065,đồ ăn,d,,
1000066,đồ lễ,d,,
1000067,đơn vị,d,,
1000068,đùi gà,d,,
1000069,ếch,d,,
1000070,gà,d,,
1000071,giống,d,,
1000072,giống lúa,d,,
1000073,giống lúa tẻ,d,,
1000074,hạn sử dụng,d,,
1000075,hàng hoá,d,,
1000076,hàng thực phẩm,d,,
1000077,hành củ,d,,
1000078,hạt lúa,d,,
1000079,hạt lúa mạch,d,,
1000080,hoa màu,d,,
1000081,hồ tiêu,d,,
1000082,húng,d,,
1000083,khế quả,d,,
1000084,khí,d,,
1000085,khoai lang,d,,
1000086,khoai môn,d,,
1000087,khoanh thịt,d,,
1000088,khúc cá,d,,
1000089,lá chè,d,,
1000090,lá trầu,d,,
1000091,lạc,d,,
1000092,lần ăn uống,d,,
1000093,lõi,d,,
1000094,lợn,d,,
1000095,lớp cơm,d,,
1000096,lúa mạch,d,,
1000097,lượng,d,,
1000098,lượng thức ăn,d,,
1000099,mảnh hạt,d,,
1000100,mảnh vỡ,d,,
1000101,máu,d,,
1000102,mắm và muối,d,,
1000103,mầm,d,,
1000104,mẩu thịt,d,,
1000105,mèo,d,,
1000106,mì sợi,d,,
1000107,mít quả,d,,
1000108,món ăn,d,,
1000109,món canh,d,,
1000110,mốc,d,,
1000111,mỡ,d,,
1000112,mướp,d,,
1000113,nắm,d,,
1000114,nắm lúa,d,,
1000115,nấm,d,,
1000116,nước,d,,
1000117,nước đá,d,,
1000118,nước đường,d,,
1000119,nước giải khát,d,,
1000120,nguyên liệu thuỷ sản,d,,
1000121,nhãn,d,,
1000122,nhãn quả,d,,
1000123,nhánh,d,,
1000124,nhân quả,d,,
1000125,ốc biển,d,,
1000126,ổi,d,,
1000127,phân,d,,
1000128,phần,d,,
1000129,phân bón,d,,
1000130,phần chính,d,,
1000131,phần hoa chuối,d,,
1000132,phần nước,d,,
1000133,phần thịt,d,,
1000134,phần thức ăn,d,,
1000135,phần trứng non,d,,
1000136,quả,d,,
1000137,quả cây,d,,
1000138,quả chuối,d,,
1000139,quả khô,d,,
1000140,rau cải,d,,
1000141,rau cần,d,,
1000142,rễ,d,,
1000143,ruột,d,,
1000144,ruột non,d,,
1000145,rượu gạo,d,,
1000146,rượu vang trắng,d,,
1000147,sản phẩm,d,,
1000148,sản phẩm nông nghiệp,d,,
1000149,sản vật,d,,
1000150,sắn,d,,
1000151,sở thích,d,,
1000152,sợi,d,,
1000153,suất cơm,d,,
1000154,tâm,d,,
1000155,tiệc tùng,d,,
1000156,tinh thể,d,,
1000157,tổ chim yến,d,,
1000158,thang,d,,
1000159,thận,d,,
1000160,thịt lợn,d,,
1000161,thịt mỡ,d,,
1000162,"thịt, cá",d,,
1000163,thuốc,d,,
1000164,thuốc đông y,d,,
1000165,thuốc phiện,d,,
1000166,thứ,d,,
1000167,thứ gạo nếp,d,,
1000168,thức uống,d,,
1000169,trạng thái,d,,
1000170,"triết lí, nghệ thuật",d,,
1000171,trọng lượng,d,,
1000172,unknown,d,,
1000173,vải,d,,
1000174,vật,d,,
1000175,vật phẩm,d,,
1000176,vị,d,,
1000177,vị thuốc bổ,d,,
1000178,vị thuốc đông y,d,,
1000179,vừng,d,,
1000180,xôi hoặc bột bánh khảo,d,,
1000181,yếm rùa,d,,